MANDT,VBELN     ,POSNR ,MATNR     ,MATKL ,ARKTX    ,PSTYV,ABGRU,MEINS,NETWR,WAERK,KWMENG,WERKS,NETPR
400,19146,10,MZ-TG-Y120,ZYOUTH,Y120 Bike,ZH   ,ZH   ,ST   ,0,USD  ,373.00,1710,0
400,19147,10,MZ-TG-Y120,ZYOUTH,Y120 Bike,ZH   ,ZH   ,ST   ,0,USD  ,164.00,1710,0
400,19155,10,MZ-TG-Y120,ZYOUTH,Y120 Bike,ZH   ,ZH   ,ST   ,0,USD  ,83.00,1710,0
400,19156,10,MZ-TG-Y120,ZYOUTH,Y120 Bike,ZH   ,ZH   ,ST   ,0,USD  ,98.00,1710,0
400,19157,10,MZ-TG-Y120,ZYOUTH,Y120 Bike,ZH   ,ZH   ,ST   ,0,USD  ,134.00,1710,0
400,19173,10,MZ-TG-Y200,ZYOUTH,Y200 Bike,ZH   ,ZH   ,ST   ,0,USD  ,28.00,1710,0
400,19174,10,MZ-TG-Y200,ZYOUTH,Y200 Bike,ZH   ,ZH   ,ST   ,0,USD  ,31.00,1710,0
400,19175,10,MZ-TG-Y200,ZYOUTH,Y200 Bike,ZH   ,ZH   ,ST   ,0,USD  ,16.00,1710,0
400,19178,10,MZ-TG-Y200,ZYOUTH,Y200 Bike,ZH   ,ZH   ,ST   ,0,USD  ,372.00,1710,0
400,19206,10,MZ-TG-Y240,ZYOUTH,Y240 Bike,ZH   ,ZH   ,ST   ,0,USD  ,102.00,1710,0
400,19210,10,MZ-TG-Y120,ZYOUTH,Y120 Bike,ZH   ,ZH   ,ST   ,0,USD  ,396.00,1710,0
400,19218,10,MZ-TG-Y120,ZYOUTH,Y120 Bike,ZH   ,ZH   ,ST   ,0,USD  ,193.00,1710,0
400,19219,10,MZ-TG-Y120,ZYOUTH,Y120 Bike,ZH   ,ZH   ,ST   ,0,USD  ,82.00,1710,0
400,19220,10,MZ-TG-Y120,ZYOUTH,Y120 Bike,ZH   ,ZH   ,ST   ,0,USD  ,125.00,1710,0
400,19221,10,MZ-TG-Y120,ZYOUTH,Y120 Bike,ZH   ,ZH   ,ST   ,0,USD  ,34.00,1710,0
400,19229,10,MZ-TG-Y120,ZYOUTH,Y120 Bike,ZH   ,ZH   ,ST   ,0,USD  ,114.00,1710,0
400,19276,10,MZ-TG-Y120,ZYOUTH,Y120 Bike,ZH   ,ZH   ,ST   ,0,USD  ,797.00,1710,0
400,19284,10,MZ-TG-Y120,ZYOUTH,Y120 Bike,ZH   ,ZH   ,ST   ,0,USD  ,92.00,1710,0
400,19285,10,MZ-TG-Y120,ZYOUTH,Y120 Bike,ZH   ,ZH   ,ST   ,0,USD  ,53.00,1710,0
400,19286,10,MZ-TG-Y120,ZYOUTH,Y120 Bike,ZH   ,ZH   ,ST   ,0,USD  ,81.00,1710,0
400,19287,10,MZ-TG-Y120,ZYOUTH,Y120 Bike,ZH   ,ZH   ,ST   ,0,USD  ,19.00,1710,0
400,19288,10,MZ-TG-Y240,ZYOUTH,Y240 Bike,ZH   ,ZH   ,ST   ,0,USD  ,102.00,1710,0
400,19289,10,MZ-TG-Y240,ZYOUTH,Y240 Bike,ZH   ,ZH   ,ST   ,0,USD  ,2.00,1710,0
400,19290,10,MZ-TG-Y240,ZYOUTH,Y240 Bike,ZH   ,ZH   ,ST   ,0,USD  ,11.00,1710,0
400,19291,10,MZ-TG-Y240,ZYOUTH,Y240 Bike,ZH   ,ZH   ,ST   ,0,USD  ,9.00,1710,0
400,19295,10,MZ-TG-Y120,ZYOUTH,Y120 Bike,ZH   ,ZH   ,ST   ,0,USD  ,338.00,1710,0
400,19297,10,MZ-TG-Y200,ZYOUTH,Y200 Bike,ZH   ,ZH   ,ST   ,0,USD  ,84.00,1710,0
400,19346,10,MZ-TG-Y120,ZYOUTH,Y120 Bike,ZH   ,ZH   ,ST   ,0,USD  ,139.00,1710,0
400,19355,10,MZ-TG-Y120,ZYOUTH,Y120 Bike,ZH   ,ZH   ,ST   ,0,USD  ,30.00,1710,0
400,19356,10,MZ-TG-Y120,ZYOUTH,Y120 Bike,ZH   ,ZH   ,ST   ,0,USD  ,47.00,1710,0
400,19362,10,MZ-TG-Y120,ZYOUTH,Y120 Bike,ZH   ,ZH   ,ST   ,0,USD  ,1303.00,1710,0
400,19363,10,MZ-TG-Y120,ZYOUTH,Y120 Bike,ZH   ,ZH   ,ST   ,0,USD  ,363.00,1710,0
400,19411,10,MZ-TG-Y120,ZYOUTH,Y120 Bike,ZH   ,ZH   ,ST   ,0,USD  ,313.00,1710,0
400,19412,10,MZ-TG-Y120,ZYOUTH,Y120 Bike,ZH   ,ZH   ,ST   ,0,USD  ,127.00,1710,0
400,19413,10,MZ-TG-Y120,ZYOUTH,Y120 Bike,ZH   ,ZH   ,ST   ,0,USD  ,15.00,1710,0
400,19422,10,MZ-TG-Y120,ZYOUTH,Y120 Bike,ZH   ,ZH   ,ST   ,0,USD  ,65.00,1710,0
400,19423,10,MZ-TG-Y120,ZYOUTH,Y120 Bike,ZH   ,ZH   ,ST   ,0,USD  ,100.00,1710,0
400,19431,10,MZ-TG-Y120,ZYOUTH,Y120 Bike,ZH   ,ZH   ,ST   ,0,USD  ,115.00,1710,0
400,19480,10,MZ-TG-Y120,ZYOUTH,Y120 Bike,ZH   ,ZH   ,ST   ,0,USD  ,776.00,1710,0
400,19489,10,MZ-TG-Y120,ZYOUTH,Y120 Bike,ZH   ,ZH   ,ST   ,0,USD  ,74.00,1710,0
400,19490,10,MZ-TG-Y120,ZYOUTH,Y120 Bike,ZH   ,ZH   ,ST   ,0,USD  ,88.00,1710,0
400,19491,10,MZ-TG-Y120,ZYOUTH,Y120 Bike,ZH   ,ZH   ,ST   ,0,USD  ,132.00,1710,0
400,19492,10,MZ-TG-Y120,ZYOUTH,Y120 Bike,ZH   ,ZH   ,ST   ,0,USD  ,28.00,1710,0
400,19494,10,MZ-TG-Y240,ZYOUTH,Y240 Bike,ZH   ,ZH   ,ST   ,0,USD  ,7.00,1710,0
400,19495,10,MZ-TG-Y240,ZYOUTH,Y240 Bike,ZH   ,ZH   ,ST   ,0,USD  ,271.00,1710,0
400,19496,10,MZ-TG-Y240,ZYOUTH,Y240 Bike,ZH   ,ZH   ,ST   ,0,USD  ,10.00,1710,0
400,19504,10,MZ-TG-Y200,ZYOUTH,Y200 Bike,ZH   ,ZH   ,ST   ,0,USD  ,47.00,1710,0
400,19505,10,MZ-TG-Y200,ZYOUTH,Y200 Bike,ZH   ,ZH   ,ST   ,0,USD  ,15.00,1710,0
400,19506,10,MZ-TG-Y240,ZYOUTH,Y240 Bike,ZH   ,ZH   ,ST   ,0,USD  ,10.00,1710,0
400,19513,10,MZ-TG-Y200,ZYOUTH,Y200 Bike,ZH   ,ZH   ,ST   ,0,USD  ,5.00,1710,0
400,19517,10,MZ-TG-Y200,ZYOUTH,Y200 Bike,ZH   ,ZH   ,ST   ,0,USD  ,1417.00,1710,0
400,19518,10,MZ-TG-Y200,ZYOUTH,Y200 Bike,ZH   ,ZH   ,ST   ,0,USD  ,103.00,1710,0
400,19519,10,MZ-TG-Y200,ZYOUTH,Y200 Bike,ZH   ,ZH   ,ST   ,0,USD  ,136.00,1710,0
400,19546,10,MZ-TG-Y240,ZYOUTH,Y240 Bike,ZH   ,ZH   ,ST   ,0,USD  ,264.00,1710,0
400,19551,10,MZ-TG-Y120,ZYOUTH,Y120 Bike,ZH   ,ZH   ,ST   ,0,USD  ,778.00,1710,0
400,19552,10,MZ-TG-Y120,ZYOUTH,Y120 Bike,ZH   ,ZH   ,ST   ,0,USD  ,491.00,1710,0
400,19555,10,MZ-TG-Y240,ZYOUTH,Y240 Bike,ZH   ,ZH   ,ST   ,0,USD  ,1.00,1710,0
400,19556,10,MZ-TG-Y240,ZYOUTH,Y240 Bike,ZH   ,ZH   ,ST   ,0,USD  ,1.00,1710,0
400,19560,10,MZ-TG-Y120,ZYOUTH,Y120 Bike,ZH   ,ZH   ,ST   ,0,USD  ,84.00,1710,0
400,19561,10,MZ-TG-Y120,ZYOUTH,Y120 Bike,ZH   ,ZH   ,ST   ,0,USD  ,65.00,1710,0
400,19562,10,MZ-TG-Y120,ZYOUTH,Y120 Bike,ZH   ,ZH   ,ST   ,0,USD  ,11.00,1710,0
400,19563,10,MZ-TG-Y240,ZYOUTH,Y240 Bike,ZH   ,ZH   ,ST   ,0,USD  ,412.00,1710,0
400,19564,10,MZ-TG-Y240,ZYOUTH,Y240 Bike,ZH   ,ZH   ,ST   ,0,USD  ,15.00,1710,0
400,19565,10,MZ-TG-Y240,ZYOUTH,Y240 Bike,ZH   ,ZH   ,ST   ,0,USD  ,134.00,1710,0
400,19572,10,MZ-TG-Y120,ZYOUTH,Y120 Bike,ZH   ,ZH   ,ST   ,0,USD  ,745.00,1710,0
400,19574,10,MZ-TG-Y200,ZYOUTH,Y200 Bike,ZH   ,ZH   ,ST   ,0,USD  ,54.00,1710,0
400,19575,10,MZ-TG-Y200,ZYOUTH,Y200 Bike,ZH   ,ZH   ,ST   ,0,USD  ,15.00,1710,0
400,19578,10,MZ-TG-Y200,ZYOUTH,Y200 Bike,ZH   ,ZH   ,ST   ,0,USD  ,29.00,1710,0
400,19584,10,MZ-TG-Y200,ZYOUTH,Y200 Bike,ZH   ,ZH   ,ST   ,0,USD  ,1006.00,1710,0
400,19585,10,MZ-TG-Y200,ZYOUTH,Y200 Bike,ZH   ,ZH   ,ST   ,0,USD  ,120.00,1710,0
400,19586,10,MZ-TG-Y200,ZYOUTH,Y200 Bike,ZH   ,ZH   ,ST   ,0,USD  ,134.00,1710,0
400,19617,10,MZ-TG-Y240,ZYOUTH,Y240 Bike,ZH   ,ZH   ,ST   ,0,USD  ,253.00,1710,0
400,19619,10,MZ-TG-Y120,ZYOUTH,Y120 Bike,ZH   ,ZH   ,ST   ,0,USD  ,523.00,1710,0
400,19620,10,MZ-TG-Y120,ZYOUTH,Y120 Bike,ZH   ,ZH   ,ST   ,0,USD  ,429.00,1710,0
400,19627,10,MZ-TG-Y120,ZYOUTH,Y120 Bike,ZH   ,ZH   ,ST   ,0,USD  ,70.00,1710,0
400,19628,10,MZ-TG-Y120,ZYOUTH,Y120 Bike,ZH   ,ZH   ,ST   ,0,USD  ,132.00,1710,0
400,19629,10,MZ-TG-Y120,ZYOUTH,Y120 Bike,ZH   ,ZH   ,ST   ,0,USD  ,60.00,1710,0
400,19639,10,MZ-TG-Y120,ZYOUTH,Y120 Bike,ZH   ,ZH   ,ST   ,0,USD  ,616.00,1710,0
400,19685,10,MZ-TG-Y120,ZYOUTH,Y120 Bike,ZH   ,ZH   ,ST   ,0,USD  ,804.00,1710,0
400,19698,10,MZ-TG-Y120,ZYOUTH,Y120 Bike,ZH   ,ZH   ,ST   ,0,USD  ,42.00,1710,0
400,19699,10,MZ-TG-Y120,ZYOUTH,Y120 Bike,ZH   ,ZH   ,ST   ,0,USD  ,97.00,1710,0
400,19700,10,MZ-TG-Y120,ZYOUTH,Y120 Bike,ZH   ,ZH   ,ST   ,0,USD  ,20.00,1710,0
400,19709,10,MZ-TG-Y120,ZYOUTH,Y120 Bike,ZH   ,ZH   ,ST   ,0,USD  ,157.00,1710,0
400,18400,10,MZ-TG-Y120,ZYOUTH,Y120 Bike,ZH   ,ZH   ,ST   ,0,USD  ,14.00,1710,0
400,18401,10,MZ-TG-Y120,ZYOUTH,Y120 Bike,ZH   ,ZH   ,ST   ,0,USD  ,20.00,1710,0
400,18402,10,MZ-TG-Y120,ZYOUTH,Y120 Bike,ZH   ,ZH   ,ST   ,0,USD  ,46.00,1710,0
400,18403,10,MZ-TG-Y120,ZYOUTH,Y120 Bike,ZH   ,ZH   ,ST   ,0,USD  ,66.00,1710,0
400,19755,10,MZ-TG-Y120,ZYOUTH,Y120 Bike,ZH   ,ZH   ,ST   ,0,USD  ,705.00,1710,0
400,19756,10,MZ-TG-Y120,ZYOUTH,Y120 Bike,ZH   ,ZH   ,ST   ,0,USD  ,10.00,1710,0
400,19762,10,MZ-TG-Y120,ZYOUTH,Y120 Bike,ZH   ,ZH   ,ST   ,0,USD  ,39.00,1710,0
400,19763,10,MZ-TG-Y120,ZYOUTH,Y120 Bike,ZH   ,ZH   ,ST   ,0,USD  ,125.00,1710,0
400,19764,10,MZ-TG-Y120,ZYOUTH,Y120 Bike,ZH   ,ZH   ,ST   ,0,USD  ,36.00,1710,0
400,19774,10,MZ-TG-Y120,ZYOUTH,Y120 Bike,ZH   ,ZH   ,ST   ,0,USD  ,498.00,1710,0
400,19822,10,MZ-TG-Y120,ZYOUTH,Y120 Bike,ZH   ,ZH   ,ST   ,0,USD  ,119.00,1710,0
400,19830,10,MZ-TG-Y120,ZYOUTH,Y120 Bike,ZH   ,ZH   ,ST   ,0,USD  ,88.00,1710,0
400,19831,10,MZ-TG-Y120,ZYOUTH,Y120 Bike,ZH   ,ZH   ,ST   ,0,USD  ,63.00,1710,0
400,19832,10,MZ-TG-Y120,ZYOUTH,Y120 Bike,ZH   ,ZH   ,ST   ,0,USD  ,48.00,1710,0
400,19842,10,MZ-TG-Y120,ZYOUTH,Y120 Bike,ZH   ,ZH   ,ST   ,0,USD  ,204.00,1710,0
400,19892,10,MZ-TG-Y120,ZYOUTH,Y120 Bike,ZH   ,ZH   ,ST   ,0,USD  ,221.00,1710,0
400,19893,10,MZ-TG-Y120,ZYOUTH,Y120 Bike,ZH   ,ZH   ,ST   ,0,USD  ,13.00,1710,0
400,19902,10,MZ-TG-Y120,ZYOUTH,Y120 Bike,ZH   ,ZH   ,ST   ,0,USD  ,29.00,1710,0
400,19903,10,MZ-TG-Y120,ZYOUTH,Y120 Bike,ZH   ,ZH   ,ST   ,0,USD  ,45.00,1710,0
400,19911,10,MZ-TG-Y120,ZYOUTH,Y120 Bike,ZH   ,ZH   ,ST   ,0,USD  ,745.00,1710,0
400,19912,10,MZ-TG-Y120,ZYOUTH,Y120 Bike,ZH   ,ZH   ,ST   ,0,USD  ,648.00,1710,0
400,19960,10,MZ-TG-Y120,ZYOUTH,Y120 Bike,ZH   ,ZH   ,ST   ,0,USD  ,776.00,1710,0
400,19961,10,MZ-TG-Y120,ZYOUTH,Y120 Bike,ZH   ,ZH   ,ST   ,0,USD  ,564.00,1710,0
400,19970,10,MZ-TG-Y120,ZYOUTH,Y120 Bike,ZH   ,ZH   ,ST   ,0,USD  ,44.00,1710,0
400,19971,10,MZ-TG-Y120,ZYOUTH,Y120 Bike,ZH   ,ZH   ,ST   ,0,USD  ,18.00,1710,0
400,19981,10,MZ-TG-Y120,ZYOUTH,Y120 Bike,ZH   ,ZH   ,ST   ,0,USD  ,250.00,1710,0
400,19982,10,MZ-TG-Y120,ZYOUTH,Y120 Bike,ZH   ,ZH   ,ST   ,0,USD  ,163.00,1710,0
400,20440,10,MZ-TG-Y120,ZYOUTH,Y120 Bike,ZH   ,ZH   ,ST   ,0,USD  ,15.00,1710,0
400,20441,10,MZ-TG-Y120,ZYOUTH,Y120 Bike,ZH   ,ZH   ,ST   ,0,USD  ,13.00,1710,0
400,20032,10,MZ-TG-Y120,ZYOUTH,Y120 Bike,ZH   ,ZH   ,ST   ,0,USD  ,414.00,1710,0
400,20442,10,MZ-TG-Y120,ZYOUTH,Y120 Bike,ZH   ,ZH   ,ST   ,0,USD  ,15.00,1710,0
400,20033,10,MZ-TG-Y120,ZYOUTH,Y120 Bike,ZH   ,ZH   ,ST   ,0,USD  ,510.00,1710,0
400,20443,10,MZ-TG-Y120,ZYOUTH,Y120 Bike,ZH   ,ZH   ,ST   ,0,USD  ,12.00,1710,0
400,20034,10,MZ-TG-Y120,ZYOUTH,Y120 Bike,ZH   ,ZH   ,ST   ,0,USD  ,17.00,1710,0
400,20040,10,MZ-TG-Y120,ZYOUTH,Y120 Bike,ZH   ,ZH   ,ST   ,0,USD  ,24.00,1710,0
400,20041,10,MZ-TG-Y120,ZYOUTH,Y120 Bike,ZH   ,ZH   ,ST   ,0,USD  ,139.00,1710,0
400,20042,10,MZ-TG-Y120,ZYOUTH,Y120 Bike,ZH   ,ZH   ,ST   ,0,USD  ,26.00,1710,0
400,20452,10,MZ-TG-Y120,ZYOUTH,Y120 Bike,ZH   ,ZH   ,ST   ,0,USD  ,12.00,1710,0
400,20043,10,MZ-TG-Y240,ZYOUTH,Y240 Bike,ZH   ,ZH   ,ST   ,0,USD  ,255.00,1710,0
400,20453,10,MZ-TG-Y240,ZYOUTH,Y240 Bike,ZH   ,ZH   ,ST   ,0,USD  ,16.00,1710,0
400,20044,10,MZ-TG-Y240,ZYOUTH,Y240 Bike,ZH   ,ZH   ,ST   ,0,USD  ,10.00,1710,0
400,20454,10,MZ-TG-Y240,ZYOUTH,Y240 Bike,ZH   ,ZH   ,ST   ,0,USD  ,14.00,1710,0
400,20455,10,MZ-TG-Y240,ZYOUTH,Y240 Bike,ZH   ,ZH   ,ST   ,0,USD  ,13.00,1710,0
400,20456,10,MZ-TG-Y240,ZYOUTH,Y240 Bike,ZH   ,ZH   ,ST   ,0,USD  ,13.00,1710,0
400,20052,10,MZ-TG-Y200,ZYOUTH,Y200 Bike,ZH   ,ZH   ,ST   ,0,USD  ,13.00,1710,0
400,20053,10,MZ-TG-Y200,ZYOUTH,Y200 Bike,ZH   ,ZH   ,ST   ,0,USD  ,294.00,1710,0
400,20054,10,MZ-TG-Y240,ZYOUTH,Y240 Bike,ZH   ,ZH   ,ST   ,0,USD  ,19.00,1710,0
400,20464,10,MZ-TG-Y200,ZYOUTH,Y200 Bike,ZH   ,ZH   ,ST   ,0,USD  ,14.00,1710,0
400,20055,10,MZ-TG-Y240,ZYOUTH,Y240 Bike,ZH   ,ZH   ,ST   ,0,USD  ,8.00,1710,0
400,20465,10,MZ-TG-Y200,ZYOUTH,Y200 Bike,ZH   ,ZH   ,ST   ,0,USD  ,13.00,1710,0
400,20466,10,MZ-TG-Y200,ZYOUTH,Y200 Bike,ZH   ,ZH   ,ST   ,0,USD  ,15.00,1710,0
400,20467,10,MZ-TG-Y200,ZYOUTH,Y200 Bike,ZH   ,ZH   ,ST   ,0,USD  ,13.00,1710,0
400,20468,10,MZ-TG-Y240,ZYOUTH,Y240 Bike,ZH   ,ZH   ,ST   ,0,USD  ,14.00,1710,0
400,20059,10,MZ-TG-Y200,ZYOUTH,Y200 Bike,ZH   ,ZH   ,ST   ,0,USD  ,61.00,1710,0
400,20060,10,MZ-TG-Y200,ZYOUTH,Y200 Bike,ZH   ,ZH   ,ST   ,0,USD  ,56.00,1710,0
400,20061,10,MZ-TG-Y200,ZYOUTH,Y200 Bike,ZH   ,ZH   ,ST   ,0,USD  ,12.00,1710,0
400,20067,10,MZ-TG-Y200,ZYOUTH,Y200 Bike,ZH   ,ZH   ,ST   ,0,USD  ,114.00,1710,0
400,20479,10,MZ-TG-Y200,ZYOUTH,Y200 Bike,ZH   ,ZH   ,ST   ,0,USD  ,12.00,1710,0
400,20480,10,MZ-TG-Y200,ZYOUTH,Y200 Bike,ZH   ,ZH   ,ST   ,0,USD  ,12.00,1710,0
400,20503,10,MZ-TG-Y240,ZYOUTH,Y240 Bike,ZH   ,ZH   ,ST   ,0,USD  ,141.00,1710,0
400,20096,10,MZ-TG-Y240,ZYOUTH,Y240 Bike,ZH   ,ZH   ,ST   ,0,USD  ,340.00,1710,0
400,20098,10,MZ-TG-Y120,ZYOUTH,Y120 Bike,ZH   ,ZH   ,ST   ,0,USD  ,522.00,1710,0
400,20510,10,MZ-TG-Y120,ZYOUTH,Y120 Bike,ZH   ,ZH   ,ST   ,0,USD  ,363.00,1710,0
400,20108,10,MZ-TG-Y120,ZYOUTH,Y120 Bike,ZH   ,ZH   ,ST   ,0,USD  ,30.00,1710,0
400,20109,10,MZ-TG-Y120,ZYOUTH,Y120 Bike,ZH   ,ZH   ,ST   ,0,USD  ,147.00,1710,0
400,20519,10,MZ-TG-Y120,ZYOUTH,Y120 Bike,ZH   ,ZH   ,ST   ,0,USD  ,11.00,1710,0
400,20110,10,MZ-TG-Y120,ZYOUTH,Y120 Bike,ZH   ,ZH   ,ST   ,0,USD  ,41.00,1710,0
400,20520,10,MZ-TG-Y120,ZYOUTH,Y120 Bike,ZH   ,ZH   ,ST   ,0,USD  ,81.00,1710,0
400,20111,10,MZ-TG-Y240,ZYOUTH,Y240 Bike,ZH   ,ZH   ,ST   ,0,USD  ,240.00,1710,0
400,20521,10,MZ-TG-Y120,ZYOUTH,Y120 Bike,ZH   ,ZH   ,ST   ,0,USD  ,75.00,1710,0
400,20112,10,MZ-TG-Y240,ZYOUTH,Y240 Bike,ZH   ,ZH   ,ST   ,0,USD  ,15.00,1710,0
400,20522,10,MZ-TG-Y240,ZYOUTH,Y240 Bike,ZH   ,ZH   ,ST   ,0,USD  ,93.00,1710,0
400,20523,10,MZ-TG-Y240,ZYOUTH,Y240 Bike,ZH   ,ZH   ,ST   ,0,USD  ,8.00,1710,0
400,20114,10,MZ-TG-Y120,ZYOUTH,Y120 Bike,ZH   ,ZH   ,ST   ,0,USD  ,335.00,1710,0
400,20524,10,MZ-TG-Y240,ZYOUTH,Y240 Bike,ZH   ,ZH   ,ST   ,0,USD  ,226.00,1710,0
400,20115,10,MZ-TG-Y120,ZYOUTH,Y120 Bike,ZH   ,ZH   ,ST   ,0,USD  ,621.00,1710,0
400,20525,10,MZ-TG-Y240,ZYOUTH,Y240 Bike,ZH   ,ZH   ,ST   ,0,USD  ,10.00,1710,0
400,20121,10,MZ-TG-Y200,ZYOUTH,Y200 Bike,ZH   ,ZH   ,ST   ,0,USD  ,96.00,1710,0
400,20122,10,MZ-TG-Y240,ZYOUTH,Y240 Bike,ZH   ,ZH   ,ST   ,0,USD  ,5.00,1710,0
400,20536,10,MZ-TG-Y200,ZYOUTH,Y200 Bike,ZH   ,ZH   ,ST   ,0,USD  ,41.00,1710,0
400,20127,10,MZ-TG-Y200,ZYOUTH,Y200 Bike,ZH   ,ZH   ,ST   ,0,USD  ,37.00,1710,0
400,20537,10,MZ-TG-Y200,ZYOUTH,Y200 Bike,ZH   ,ZH   ,ST   ,0,USD  ,13.00,1710,0
400,20128,10,MZ-TG-Y200,ZYOUTH,Y200 Bike,ZH   ,ZH   ,ST   ,0,USD  ,26.00,1710,0
400,20538,10,MZ-TG-Y240,ZYOUTH,Y240 Bike,ZH   ,ZH   ,ST   ,0,USD  ,10.00,1710,0
400,20129,10,MZ-TG-Y200,ZYOUTH,Y200 Bike,ZH   ,ZH   ,ST   ,0,USD  ,4.00,1710,0
400,20137,10,MZ-TG-Y200,ZYOUTH,Y200 Bike,ZH   ,ZH   ,ST   ,0,USD  ,1383.00,1710,0
400,20546,10,MZ-TG-Y200,ZYOUTH,Y200 Bike,ZH   ,ZH   ,ST   ,0,USD  ,54.00,1710,0
400,20547,10,MZ-TG-Y200,ZYOUTH,Y200 Bike,ZH   ,ZH   ,ST   ,0,USD  ,28.00,1710,0
400,20138,10,MZ-TG-Y200,ZYOUTH,Y200 Bike,ZH   ,ZH   ,ST   ,0,USD  ,67.00,1710,0
400,20550,10,MZ-TG-Y200,ZYOUTH,Y200 Bike,ZH   ,ZH   ,ST   ,0,USD  ,1137.00,1710,0
400,20551,10,MZ-TG-Y200,ZYOUTH,Y200 Bike,ZH   ,ZH   ,ST   ,0,USD  ,150.00,1710,0
400,20164,10,MZ-TG-Y240,ZYOUTH,Y240 Bike,ZH   ,ZH   ,ST   ,0,USD  ,285.00,1710,0
400,20167,10,MZ-TG-Y120,ZYOUTH,Y120 Bike,ZH   ,ZH   ,ST   ,0,USD  ,1294.00,1710,0
400,20168,10,MZ-TG-Y120,ZYOUTH,Y120 Bike,ZH   ,ZH   ,ST   ,0,USD  ,308.00,1710,0
400,20580,10,MZ-TG-Y240,ZYOUTH,Y240 Bike,ZH   ,ZH   ,ST   ,0,USD  ,320.00,1710,0
400,20175,10,MZ-TG-Y120,ZYOUTH,Y120 Bike,ZH   ,ZH   ,ST   ,0,USD  ,77.00,1710,0
400,20176,10,MZ-TG-Y120,ZYOUTH,Y120 Bike,ZH   ,ZH   ,ST   ,0,USD  ,30.00,1710,0
400,20177,10,MZ-TG-Y120,ZYOUTH,Y120 Bike,ZH   ,ZH   ,ST   ,0,USD  ,4.00,1710,0
400,20587,10,MZ-TG-Y120,ZYOUTH,Y120 Bike,ZH   ,ZH   ,ST   ,0,USD  ,45.00,1710,0
400,20178,10,MZ-TG-Y240,ZYOUTH,Y240 Bike,ZH   ,ZH   ,ST   ,0,USD  ,227.00,1710,0
400,20589,10,MZ-TG-Y200,ZYOUTH,Y200 Bike,ZH   ,ZH   ,ST   ,0,USD  ,1.00,1710,0
400,20179,10,MZ-TG-Y240,ZYOUTH,Y240 Bike,ZH   ,ZH   ,ST   ,0,USD  ,2.00,1710,0
400,20185,10,MZ-TG-Y120,ZYOUTH,Y120 Bike,ZH   ,ZH   ,ST   ,0,USD  ,495.00,1710,0
400,20596,10,MZ-TG-Y120,ZYOUTH,Y120 Bike,ZH   ,ZH   ,ST   ,0,USD  ,88.00,1710,0
400,20597,10,MZ-TG-Y120,ZYOUTH,Y120 Bike,ZH   ,ZH   ,ST   ,0,USD  ,259.00,1710,0
400,20188,10,MZ-TG-Y200,ZYOUTH,Y200 Bike,ZH   ,ZH   ,ST   ,0,USD  ,142.00,1710,0
400,20598,10,MZ-TG-Y120,ZYOUTH,Y120 Bike,ZH   ,ZH   ,ST   ,0,USD  ,133.00,1710,0
400,20599,10,MZ-TG-Y120,ZYOUTH,Y120 Bike,ZH   ,ZH   ,ST   ,0,USD  ,51.00,1710,0
400,20189,10,MZ-TG-Y240,ZYOUTH,Y240 Bike,ZH   ,ZH   ,ST   ,0,USD  ,12.00,1710,0
400,20600,10,MZ-TG-Y240,ZYOUTH,Y240 Bike,ZH   ,ZH   ,ST   ,0,USD  ,234.00,1710,0
400,20190,10,MZ-TG-Y240,ZYOUTH,Y240 Bike,ZH   ,ZH   ,ST   ,0,USD  ,8.00,1710,0
400,20601,10,MZ-TG-Y240,ZYOUTH,Y240 Bike,ZH   ,ZH   ,ST   ,0,USD  ,221.00,1710,0
400,20602,10,MZ-TG-Y240,ZYOUTH,Y240 Bike,ZH   ,ZH   ,ST   ,0,USD  ,12.00,1710,0
400,20193,10,MZ-TG-Y200,ZYOUTH,Y200 Bike,ZH   ,ZH   ,ST   ,0,USD  ,6.00,1710,0
400,20194,10,MZ-TG-Y200,ZYOUTH,Y200 Bike,ZH   ,ZH   ,ST   ,0,USD  ,6.00,1710,0
400,20605,10,MZ-TG-Y200,ZYOUTH,Y200 Bike,ZH   ,ZH   ,ST   ,0,USD  ,14.00,1710,0
400,20606,10,MZ-TG-Y200,ZYOUTH,Y200 Bike,ZH   ,ZH   ,ST   ,0,USD  ,60.00,1710,0
400,20612,10,MZ-TG-Y200,ZYOUTH,Y200 Bike,ZH   ,ZH   ,ST   ,0,USD  ,34.00,1710,0
400,20203,10,MZ-TG-Y200,ZYOUTH,Y200 Bike,ZH   ,ZH   ,ST   ,0,USD  ,137.00,1710,0
400,20613,10,MZ-TG-Y200,ZYOUTH,Y200 Bike,ZH   ,ZH   ,ST   ,0,USD  ,6.00,1710,0
400,20204,10,MZ-TG-Y200,ZYOUTH,Y200 Bike,ZH   ,ZH   ,ST   ,0,USD  ,141.00,1710,0
400,20227,10,MZ-TG-Y240,ZYOUTH,Y240 Bike,ZH   ,ZH   ,ST   ,0,USD  ,312.00,1710,0
400,20231,10,MZ-TG-Y120,ZYOUTH,Y120 Bike,ZH   ,ZH   ,ST   ,0,USD  ,638.00,1710,0
400,20233,10,MZ-TG-Y200,ZYOUTH,Y200 Bike,ZH   ,ZH   ,ST   ,0,USD  ,1.00,1710,0
400,20645,10,MZ-TG-Y240,ZYOUTH,Y240 Bike,ZH   ,ZH   ,ST   ,0,USD  ,199.00,1710,0
400,20649,10,MZ-TG-Y120,ZYOUTH,Y120 Bike,ZH   ,ZH   ,ST   ,0,USD  ,821.00,1710,0
400,20650,10,MZ-TG-Y120,ZYOUTH,Y120 Bike,ZH   ,ZH   ,ST   ,0,USD  ,362.00,1710,0
400,20240,10,MZ-TG-Y120,ZYOUTH,Y120 Bike,ZH   ,ZH   ,ST   ,0,USD  ,43.00,1710,0
400,20241,10,MZ-TG-Y120,ZYOUTH,Y120 Bike,ZH   ,ZH   ,ST   ,0,USD  ,27.00,1710,0
400,20242,10,MZ-TG-Y120,ZYOUTH,Y120 Bike,ZH   ,ZH   ,ST   ,0,USD  ,39.00,1710,0
400,20243,10,MZ-TG-Y240,ZYOUTH,Y240 Bike,ZH   ,ZH   ,ST   ,0,USD  ,366.00,1710,0
400,20244,10,MZ-TG-Y240,ZYOUTH,Y240 Bike,ZH   ,ZH   ,ST   ,0,USD  ,18.00,1710,0
400,20248,10,MZ-TG-Y120,ZYOUTH,Y120 Bike,ZH   ,ZH   ,ST   ,0,USD  ,496.00,1710,0
400,20662,10,MZ-TG-Y120,ZYOUTH,Y120 Bike,ZH   ,ZH   ,ST   ,0,USD  ,68.00,1710,0
400,20663,10,MZ-TG-Y120,ZYOUTH,Y120 Bike,ZH   ,ZH   ,ST   ,0,USD  ,6.00,1710,0
400,20664,10,MZ-TG-Y240,ZYOUTH,Y240 Bike,ZH   ,ZH   ,ST   ,0,USD  ,132.00,1710,0
400,20665,10,MZ-TG-Y240,ZYOUTH,Y240 Bike,ZH   ,ZH   ,ST   ,0,USD  ,225.00,1710,0
400,20254,10,MZ-TG-Y200,ZYOUTH,Y200 Bike,ZH   ,ZH   ,ST   ,0,USD  ,253.00,1710,0
400,20666,10,MZ-TG-Y240,ZYOUTH,Y240 Bike,ZH   ,ZH   ,ST   ,0,USD  ,10.00,1710,0
400,20255,10,MZ-TG-Y240,ZYOUTH,Y240 Bike,ZH   ,ZH   ,ST   ,0,USD  ,12.00,1710,0
400,20667,10,MZ-TG-Y120,ZYOUTH,Y120 Bike,ZH   ,ZH   ,ST   ,0,USD  ,89.00,1710,0
400,20256,10,MZ-TG-Y240,ZYOUTH,Y240 Bike,ZH   ,ZH   ,ST   ,0,USD  ,136.00,1710,0
400,20668,10,MZ-TG-Y120,ZYOUTH,Y120 Bike,ZH   ,ZH   ,ST   ,0,USD  ,347.00,1710,0
400,20257,10,MZ-TG-Y240,ZYOUTH,Y240 Bike,ZH   ,ZH   ,ST   ,0,USD  ,9.00,1710,0
400,20260,10,MZ-TG-Y200,ZYOUTH,Y200 Bike,ZH   ,ZH   ,ST   ,0,USD  ,117.00,1710,0
400,20261,10,MZ-TG-Y200,ZYOUTH,Y200 Bike,ZH   ,ZH   ,ST   ,0,USD  ,10.00,1710,0
400,20674,10,MZ-TG-Y200,ZYOUTH,Y200 Bike,ZH   ,ZH   ,ST   ,0,USD  ,14.00,1710,0
400,20675,10,MZ-TG-Y200,ZYOUTH,Y200 Bike,ZH   ,ZH   ,ST   ,0,USD  ,126.00,1710,0
400,20676,10,MZ-TG-Y240,ZYOUTH,Y240 Bike,ZH   ,ZH   ,ST   ,0,USD  ,12.00,1710,0
400,20265,10,MZ-TG-Y200,ZYOUTH,Y200 Bike,ZH   ,ZH   ,ST   ,0,USD  ,1165.00,1710,0
400,20677,10,MZ-TG-Y240,ZYOUTH,Y240 Bike,ZH   ,ZH   ,ST   ,0,USD  ,6.00,1710,0
400,20684,10,MZ-TG-Y200,ZYOUTH,Y200 Bike,ZH   ,ZH   ,ST   ,0,USD  ,39.00,1710,0
400,20300,10,MZ-TG-Y120,ZYOUTH,Y120 Bike,ZH   ,ZH   ,ST   ,0,USD  ,1052.00,1710,0
400,20301,10,MZ-TG-Y120,ZYOUTH,Y120 Bike,ZH   ,ZH   ,ST   ,0,USD  ,658.00,1710,0
400,20721,10,MZ-TG-Y120,ZYOUTH,Y120 Bike,ZH   ,ZH   ,ST   ,0,USD  ,217.00,1710,0
400,20722,10,MZ-TG-Y120,ZYOUTH,Y120 Bike,ZH   ,ZH   ,ST   ,0,USD  ,321.00,1710,0
400,20311,10,MZ-TG-Y120,ZYOUTH,Y120 Bike,ZH   ,ZH   ,ST   ,0,USD  ,60.00,1710,0
400,20312,10,MZ-TG-Y120,ZYOUTH,Y120 Bike,ZH   ,ZH   ,ST   ,0,USD  ,123.00,1710,0
400,20313,10,MZ-TG-Y120,ZYOUTH,Y120 Bike,ZH   ,ZH   ,ST   ,0,USD  ,113.00,1710,0
400,20314,10,MZ-TG-Y120,ZYOUTH,Y120 Bike,ZH   ,ZH   ,ST   ,0,USD  ,29.00,1710,0
400,20731,10,MZ-TG-Y120,ZYOUTH,Y120 Bike,ZH   ,ZH   ,ST   ,0,USD  ,45.00,1710,0
400,20732,10,MZ-TG-Y120,ZYOUTH,Y120 Bike,ZH   ,ZH   ,ST   ,0,USD  ,80.00,1710,0
400,20733,10,MZ-TG-Y120,ZYOUTH,Y120 Bike,ZH   ,ZH   ,ST   ,0,USD  ,75.00,1710,0
400,20738,10,MZ-TG-Y120,ZYOUTH,Y120 Bike,ZH   ,ZH   ,ST   ,0,USD  ,475.00,1710,0
400,20369,10,MZ-TG-Y120,ZYOUTH,Y120 Bike,ZH   ,ZH   ,ST   ,0,USD  ,745.00,1710,0
400,20784,10,MZ-TG-Y120,ZYOUTH,Y120 Bike,ZH   ,ZH   ,ST   ,0,USD  ,317.00,1710,0
400,20377,10,MZ-TG-Y120,ZYOUTH,Y120 Bike,ZH   ,ZH   ,ST   ,0,USD  ,18.00,1710,0
400,20378,10,MZ-TG-Y120,ZYOUTH,Y120 Bike,ZH   ,ZH   ,ST   ,0,USD  ,196.00,1710,0
400,20379,10,MZ-TG-Y120,ZYOUTH,Y120 Bike,ZH   ,ZH   ,ST   ,0,USD  ,24.00,1710,0
400,20380,10,MZ-TG-Y120,ZYOUTH,Y120 Bike,ZH   ,ZH   ,ST   ,0,USD  ,50.00,1710,0
400,20796,10,MZ-TG-Y120,ZYOUTH,Y120 Bike,ZH   ,ZH   ,ST   ,0,USD  ,32.00,1710,0
400,20797,10,MZ-TG-Y120,ZYOUTH,Y120 Bike,ZH   ,ZH   ,ST   ,0,USD  ,110.00,1710,0
400,20798,10,MZ-TG-Y120,ZYOUTH,Y120 Bike,ZH   ,ZH   ,ST   ,0,USD  ,35.00,1710,0
400,20799,10,MZ-TG-Y120,ZYOUTH,Y120 Bike,ZH   ,ZH   ,ST   ,0,USD  ,48.00,1710,0
400,20808,10,MZ-TG-Y120,ZYOUTH,Y120 Bike,ZH   ,ZH   ,ST   ,0,USD  ,519.00,1710,0
400,20858,10,MZ-TG-Y120,ZYOUTH,Y120 Bike,ZH   ,ZH   ,ST   ,0,USD  ,200.00,1710,0
400,20859,10,MZ-TG-Y120,ZYOUTH,Y120 Bike,ZH   ,ZH   ,ST   ,0,USD  ,130.00,1710,0
400,20869,10,MZ-TG-Y120,ZYOUTH,Y120 Bike,ZH   ,ZH   ,ST   ,0,USD  ,33.00,1710,0
400,20870,10,MZ-TG-Y120,ZYOUTH,Y120 Bike,ZH   ,ZH   ,ST   ,0,USD  ,4.00,1710,0
400,20879,10,MZ-TG-Y120,ZYOUTH,Y120 Bike,ZH   ,ZH   ,ST   ,0,USD  ,420.00,1710,0
400,20880,10,MZ-TG-Y120,ZYOUTH,Y120 Bike,ZH   ,ZH   ,ST   ,0,USD  ,93.00,1710,0
400,20928,10,MZ-TG-Y120,ZYOUTH,Y120 Bike,ZH   ,ZH   ,ST   ,0,USD  ,1044.00,1710,0
400,20929,10,MZ-TG-Y120,ZYOUTH,Y120 Bike,ZH   ,ZH   ,ST   ,0,USD  ,17.00,1710,0
400,20930,10,MZ-TG-Y120,ZYOUTH,Y120 Bike,ZH   ,ZH   ,ST   ,0,USD  ,443.00,1710,0
400,20931,10,MZ-TG-Y120,ZYOUTH,Y120 Bike,ZH   ,ZH   ,ST   ,0,USD  ,1.00,1710,0
400,20939,10,MZ-TG-Y120,ZYOUTH,Y120 Bike,ZH   ,ZH   ,ST   ,0,USD  ,6.00,1710,0
400,20940,10,MZ-TG-Y120,ZYOUTH,Y120 Bike,ZH   ,ZH   ,ST   ,0,USD  ,30.00,1710,0
400,20997,10,MZ-TG-Y120,ZYOUTH,Y120 Bike,ZH   ,ZH   ,ST   ,0,USD  ,13.00,1710,0
400,20998,10,MZ-TG-Y120,ZYOUTH,Y120 Bike,ZH   ,ZH   ,ST   ,0,USD  ,183.00,1710,0
400,21009,10,MZ-TG-Y120,ZYOUTH,Y120 Bike,ZH   ,ZH   ,ST   ,0,USD  ,75.00,1710,0
400,21010,10,MZ-TG-Y120,ZYOUTH,Y120 Bike,ZH   ,ZH   ,ST   ,0,USD  ,23.00,1710,0
400,21011,10,MZ-TG-Y120,ZYOUTH,Y120 Bike,ZH   ,ZH   ,ST   ,0,USD  ,38.00,1710,0
400,22384,10,MZ-TG-Y120,ZYOUTH,Y120 Bike,ZH   ,ZH   ,ST   ,0,USD  ,14.00,1710,0
400,22385,10,MZ-TG-Y120,ZYOUTH,Y120 Bike,ZH   ,ZH   ,ST   ,0,USD  ,15.00,1710,0
400,22386,10,MZ-TG-Y120,ZYOUTH,Y120 Bike,ZH   ,ZH   ,ST   ,0,USD  ,16.00,1710,0
400,22387,10,MZ-TG-Y120,ZYOUTH,Y120 Bike,ZH   ,ZH   ,ST   ,0,USD  ,17.00,1710,0
400,22395,10,MZ-TG-Y120,ZYOUTH,Y120 Bike,ZH   ,ZH   ,ST   ,0,USD  ,14.00,1710,0
400,22396,10,MZ-TG-Y120,ZYOUTH,Y120 Bike,ZH   ,ZH   ,ST   ,0,USD  ,14.00,1710,0
400,21066,10,MZ-TG-Y120,ZYOUTH,Y120 Bike,ZH   ,ZH   ,ST   ,0,USD  ,720.00,1710,0
400,21067,10,MZ-TG-Y120,ZYOUTH,Y120 Bike,ZH   ,ZH   ,ST   ,0,USD  ,501.00,1710,0
400,21079,10,MZ-TG-Y120,ZYOUTH,Y120 Bike,ZH   ,ZH   ,ST   ,0,USD  ,69.00,1710,0
400,21080,10,MZ-TG-Y120,ZYOUTH,Y120 Bike,ZH   ,ZH   ,ST   ,0,USD  ,686.00,1710,0
400,21081,10,MZ-TG-Y120,ZYOUTH,Y120 Bike,ZH   ,ZH   ,ST   ,0,USD  ,157.00,1710,0
400,21082,10,MZ-TG-Y120,ZYOUTH,Y120 Bike,ZH   ,ZH   ,ST   ,0,USD  ,69.00,1710,0
400,22455,10,MZ-TG-Y120,ZYOUTH,Y120 Bike,ZH   ,ZH   ,ST   ,0,USD  ,85.00,1710,0
400,22460,10,MZ-TG-Y120,ZYOUTH,Y120 Bike,ZH   ,ZH   ,ST   ,0,USD  ,8.00,1710,0
400,22461,10,MZ-TG-Y120,ZYOUTH,Y120 Bike,ZH   ,ZH   ,ST   ,0,USD  ,88.00,1710,0
400,22462,10,MZ-TG-Y120,ZYOUTH,Y120 Bike,ZH   ,ZH   ,ST   ,0,USD  ,41.00,1710,0
400,22475,10,MZ-TG-Y120,ZYOUTH,Y120 Bike,ZH   ,ZH   ,ST   ,0,USD  ,215.00,1710,0
400,22477,10,MZ-TG-Y120,ZYOUTH,Y120 Bike,ZH   ,ZH   ,ST   ,0,USD  ,157.00,1710,0
400,21130,10,MZ-TG-Y120,ZYOUTH,Y120 Bike,ZH   ,ZH   ,ST   ,0,USD  ,1150.00,1710,0
400,21131,10,MZ-TG-Y120,ZYOUTH,Y120 Bike,ZH   ,ZH   ,ST   ,0,USD  ,153.00,1710,0
400,21141,10,MZ-TG-Y120,ZYOUTH,Y120 Bike,ZH   ,ZH   ,ST   ,0,USD  ,28.00,1710,0
400,21142,10,MZ-TG-Y120,ZYOUTH,Y120 Bike,ZH   ,ZH   ,ST   ,0,USD  ,98.00,1710,0
400,21143,10,MZ-TG-Y120,ZYOUTH,Y120 Bike,ZH   ,ZH   ,ST   ,0,USD  ,42.00,1710,0
400,21153,10,MZ-TG-Y120,ZYOUTH,Y120 Bike,ZH   ,ZH   ,ST   ,0,USD  ,124.00,1710,0
400,22523,10,MZ-TG-Y120,ZYOUTH,Y120 Bike,ZH   ,ZH   ,ST   ,0,USD  ,299.00,1710,0
400,22524,10,MZ-TG-Y120,ZYOUTH,Y120 Bike,ZH   ,ZH   ,ST   ,0,USD  ,62.00,1710,0
400,22534,10,MZ-TG-Y120,ZYOUTH,Y120 Bike,ZH   ,ZH   ,ST   ,0,USD  ,9.00,1710,0
400,22535,10,MZ-TG-Y120,ZYOUTH,Y120 Bike,ZH   ,ZH   ,ST   ,0,USD  ,5.00,1710,0
400,22536,10,MZ-TG-Y120,ZYOUTH,Y120 Bike,ZH   ,ZH   ,ST   ,0,USD  ,46.00,1710,0
400,22546,10,MZ-TG-Y120,ZYOUTH,Y120 Bike,ZH   ,ZH   ,ST   ,0,USD  ,852.00,1710,0
400,21202,10,MZ-TG-Y120,ZYOUTH,Y120 Bike,ZH   ,ZH   ,ST   ,0,USD  ,16.00,1710,0
400,21203,10,MZ-TG-Y120,ZYOUTH,Y120 Bike,ZH   ,ZH   ,ST   ,0,USD  ,463.00,1710,0
400,21210,10,MZ-TG-Y120,ZYOUTH,Y120 Bike,ZH   ,ZH   ,ST   ,0,USD  ,393.00,1710,0
400,21211,10,MZ-TG-Y120,ZYOUTH,Y120 Bike,ZH   ,ZH   ,ST   ,0,USD  ,5.00,1710,0
400,21212,10,MZ-TG-Y120,ZYOUTH,Y120 Bike,ZH   ,ZH   ,ST   ,0,USD  ,34.00,1710,0
400,21223,10,MZ-TG-Y120,ZYOUTH,Y120 Bike,ZH   ,ZH   ,ST   ,0,USD  ,693.00,1710,0
400,22593,10,MZ-TG-Y120,ZYOUTH,Y120 Bike,ZH   ,ZH   ,ST   ,0,USD  ,189.00,1710,0
400,22604,10,MZ-TG-Y120,ZYOUTH,Y120 Bike,ZH   ,ZH   ,ST   ,0,USD  ,24.00,1710,0
400,22605,10,MZ-TG-Y120,ZYOUTH,Y120 Bike,ZH   ,ZH   ,ST   ,0,USD  ,8.00,1710,0
400,22606,10,MZ-TG-Y120,ZYOUTH,Y120 Bike,ZH   ,ZH   ,ST   ,0,USD  ,62.00,1710,0
400,22615,10,MZ-TG-Y120,ZYOUTH,Y120 Bike,ZH   ,ZH   ,ST   ,0,USD  ,119.00,1710,0
400,22616,10,MZ-TG-Y120,ZYOUTH,Y120 Bike,ZH   ,ZH   ,ST   ,0,USD  ,990.00,1710,0
400,21269,10,MZ-TG-Y120,ZYOUTH,Y120 Bike,ZH   ,ZH   ,ST   ,0,USD  ,72.00,1710,0
400,21279,10,MZ-TG-Y120,ZYOUTH,Y120 Bike,ZH   ,ZH   ,ST   ,0,USD  ,92.00,1710,0
400,21280,10,MZ-TG-Y120,ZYOUTH,Y120 Bike,ZH   ,ZH   ,ST   ,0,USD  ,8.00,1710,0
400,21281,10,MZ-TG-Y120,ZYOUTH,Y120 Bike,ZH   ,ZH   ,ST   ,0,USD  ,29.00,1710,0
400,22660,10,MZ-TG-Y120,ZYOUTH,Y120 Bike,ZH   ,ZH   ,ST   ,0,USD  ,41.00,1710,0
400,21293,10,MZ-TG-Y120,ZYOUTH,Y120 Bike,ZH   ,ZH   ,ST   ,0,USD  ,356.00,1710,0
400,22670,10,MZ-TG-Y120,ZYOUTH,Y120 Bike,ZH   ,ZH   ,ST   ,0,USD  ,12.00,1710,0
400,22671,10,MZ-TG-Y120,ZYOUTH,Y120 Bike,ZH   ,ZH   ,ST   ,0,USD  ,64.00,1710,0
400,22672,10,MZ-TG-Y120,ZYOUTH,Y120 Bike,ZH   ,ZH   ,ST   ,0,USD  ,76.00,1710,0
400,22683,10,MZ-TG-Y120,ZYOUTH,Y120 Bike,ZH   ,ZH   ,ST   ,0,USD  ,166.00,1710,0
400,21341,10,MZ-TG-Y120,ZYOUTH,Y120 Bike,ZH   ,ZH   ,ST   ,0,USD  ,360.00,1710,0
400,21342,10,MZ-TG-Y120,ZYOUTH,Y120 Bike,ZH   ,ZH   ,ST   ,0,USD  ,220.00,1710,0
400,21343,10,MZ-TG-Y120,ZYOUTH,Y120 Bike,ZH   ,ZH   ,ST   ,0,USD  ,16.00,1710,0
400,21352,10,MZ-TG-Y120,ZYOUTH,Y120 Bike,ZH   ,ZH   ,ST   ,0,USD  ,59.00,1710,0
400,21353,10,MZ-TG-Y120,ZYOUTH,Y120 Bike,ZH   ,ZH   ,ST   ,0,USD  ,51.00,1710,0
400,22727,10,MZ-TG-Y120,ZYOUTH,Y120 Bike,ZH   ,ZH   ,ST   ,0,USD  ,13.00,1710,0
400,22728,10,MZ-TG-Y120,ZYOUTH,Y120 Bike,ZH   ,ZH   ,ST   ,0,USD  ,20.00,1710,0
400,21364,10,MZ-TG-Y120,ZYOUTH,Y120 Bike,ZH   ,ZH   ,ST   ,0,USD  ,473.00,1710,0
400,22740,10,MZ-TG-Y120,ZYOUTH,Y120 Bike,ZH   ,ZH   ,ST   ,0,USD  ,10.00,1710,0
400,22741,10,MZ-TG-Y120,ZYOUTH,Y120 Bike,ZH   ,ZH   ,ST   ,0,USD  ,43.00,1710,0
400,22751,10,MZ-TG-Y120,ZYOUTH,Y120 Bike,ZH   ,ZH   ,ST   ,0,USD  ,725.00,1710,0
400,21410,10,MZ-TG-Y120,ZYOUTH,Y120 Bike,ZH   ,ZH   ,ST   ,0,USD  ,51.00,1710,0
400,24463,10,MZ-TG-Y120,ZYOUTH,Y120 Bike,ZH   ,ZH   ,ST   ,0,USD  ,16.00,1710,0
400,24464,10,MZ-TG-Y120,ZYOUTH,Y120 Bike,ZH   ,ZH   ,ST   ,0,USD  ,13.00,1710,0
400,24465,10,MZ-TG-Y120,ZYOUTH,Y120 Bike,ZH   ,ZH   ,ST   ,0,USD  ,13.00,1710,0
400,24466,10,MZ-TG-Y120,ZYOUTH,Y120 Bike,ZH   ,ZH   ,ST   ,0,USD  ,14.00,1710,0
400,24467,10,MZ-TG-Y120,ZYOUTH,Y120 Bike,ZH   ,ZH   ,ST   ,0,USD  ,15.00,1710,0
400,21421,10,MZ-TG-Y120,ZYOUTH,Y120 Bike,ZH   ,ZH   ,ST   ,0,USD  ,70.00,1710,0
400,21422,10,MZ-TG-Y120,ZYOUTH,Y120 Bike,ZH   ,ZH   ,ST   ,0,USD  ,54.00,1710,0
400,21423,10,MZ-TG-Y120,ZYOUTH,Y120 Bike,ZH   ,ZH   ,ST   ,0,USD  ,68.00,1710,0
400,24475,10,MZ-TG-Y120,ZYOUTH,Y120 Bike,ZH   ,ZH   ,ST   ,0,USD  ,14.00,1710,0
400,22794,10,MZ-TG-Y240,ZYOUTH,Y240 Bike,ZH   ,ZH   ,ST   ,0,USD  ,33.00,1710,0
400,24476,10,MZ-TG-Y240,ZYOUTH,Y240 Bike,ZH   ,ZH   ,ST   ,0,USD  ,15.00,1710,0
400,24477,10,MZ-TG-Y240,ZYOUTH,Y240 Bike,ZH   ,ZH   ,ST   ,0,USD  ,14.00,1710,0
400,24478,10,MZ-TG-Y240,ZYOUTH,Y240 Bike,ZH   ,ZH   ,ST   ,0,USD  ,15.00,1710,0
400,21432,10,MZ-TG-Y120,ZYOUTH,Y120 Bike,ZH   ,ZH   ,ST   ,0,USD  ,215.00,1710,0
400,22800,10,MZ-TG-Y120,ZYOUTH,Y120 Bike,ZH   ,ZH   ,ST   ,0,USD  ,175.00,1710,0
400,21434,10,MZ-TG-Y200,ZYOUTH,Y200 Bike,ZH   ,ZH   ,ST   ,0,USD  ,137.00,1710,0
400,21435,10,MZ-TG-Y240,ZYOUTH,Y240 Bike,ZH   ,ZH   ,ST   ,0,USD  ,18.00,1710,0
400,21436,10,MZ-TG-Y240,ZYOUTH,Y240 Bike,ZH   ,ZH   ,ST   ,0,USD  ,6.00,1710,0
400,24486,10,MZ-TG-Y200,ZYOUTH,Y200 Bike,ZH   ,ZH   ,ST   ,0,USD  ,13.00,1710,0
400,24487,10,MZ-TG-Y200,ZYOUTH,Y200 Bike,ZH   ,ZH   ,ST   ,0,USD  ,14.00,1710,0
400,24488,10,MZ-TG-Y200,ZYOUTH,Y200 Bike,ZH   ,ZH   ,ST   ,0,USD  ,14.00,1710,0
400,24489,10,MZ-TG-Y200,ZYOUTH,Y200 Bike,ZH   ,ZH   ,ST   ,0,USD  ,14.00,1710,0
400,24490,10,MZ-TG-Y200,ZYOUTH,Y200 Bike,ZH   ,ZH   ,ST   ,0,USD  ,17.00,1710,0
400,22809,10,MZ-TG-Y120,ZYOUTH,Y120 Bike,ZH   ,ZH   ,ST   ,0,USD  ,10.00,1710,0
400,24491,10,MZ-TG-Y240,ZYOUTH,Y240 Bike,ZH   ,ZH   ,ST   ,0,USD  ,13.00,1710,0
400,21442,10,MZ-TG-Y200,ZYOUTH,Y200 Bike,ZH   ,ZH   ,ST   ,0,USD  ,29.00,1710,0
400,22810,10,MZ-TG-Y120,ZYOUTH,Y120 Bike,ZH   ,ZH   ,ST   ,0,USD  ,144.00,1710,0
400,21443,10,MZ-TG-Y200,ZYOUTH,Y200 Bike,ZH   ,ZH   ,ST   ,0,USD  ,17.00,1710,0
400,24492,10,MZ-TG-Y240,ZYOUTH,Y240 Bike,ZH   ,ZH   ,ST   ,0,USD  ,14.00,1710,0
400,22811,10,MZ-TG-Y120,ZYOUTH,Y120 Bike,ZH   ,ZH   ,ST   ,0,USD  ,57.00,1710,0
400,22812,10,MZ-TG-Y240,ZYOUTH,Y240 Bike,ZH   ,ZH   ,ST   ,0,USD  ,276.00,1710,0
400,22813,10,MZ-TG-Y240,ZYOUTH,Y240 Bike,ZH   ,ZH   ,ST   ,0,USD  ,218.00,1710,0
400,22814,10,MZ-TG-Y240,ZYOUTH,Y240 Bike,ZH   ,ZH   ,ST   ,0,USD  ,15.00,1710,0
400,21449,10,MZ-TG-Y200,ZYOUTH,Y200 Bike,ZH   ,ZH   ,ST   ,0,USD  ,133.00,1710,0
400,21450,10,MZ-TG-Y200,ZYOUTH,Y200 Bike,ZH   ,ZH   ,ST   ,0,USD  ,263.00,1710,0
400,22817,10,MZ-TG-Y120,ZYOUTH,Y120 Bike,ZH   ,ZH   ,ST   ,0,USD  ,519.00,1710,0
400,24503,10,MZ-TG-Y200,ZYOUTH,Y200 Bike,ZH   ,ZH   ,ST   ,0,USD  ,16.00,1710,0
400,22823,10,MZ-TG-Y240,ZYOUTH,Y240 Bike,ZH   ,ZH   ,ST   ,0,USD  ,17.00,1710,0
400,22824,10,MZ-TG-Y240,ZYOUTH,Y240 Bike,ZH   ,ZH   ,ST   ,0,USD  ,2.00,1710,0
400,22828,10,MZ-TG-Y200,ZYOUTH,Y200 Bike,ZH   ,ZH   ,ST   ,0,USD  ,39.00,1710,0
400,22829,10,MZ-TG-Y200,ZYOUTH,Y200 Bike,ZH   ,ZH   ,ST   ,0,USD  ,22.00,1710,0
400,22838,10,MZ-TG-Y200,ZYOUTH,Y200 Bike,ZH   ,ZH   ,ST   ,0,USD  ,358.00,1710,0
400,22839,10,MZ-TG-Y200,ZYOUTH,Y200 Bike,ZH   ,ZH   ,ST   ,0,USD  ,96.00,1710,0
400,22840,10,MZ-TG-Y200,ZYOUTH,Y200 Bike,ZH   ,ZH   ,ST   ,0,USD  ,105.00,1710,0
400,21475,10,MZ-TG-Y240,ZYOUTH,Y240 Bike,ZH   ,ZH   ,ST   ,0,USD  ,300.00,1710,0
400,21479,10,MZ-TG-Y120,ZYOUTH,Y120 Bike,ZH   ,ZH   ,ST   ,0,USD  ,245.00,1710,0
400,21480,10,MZ-TG-Y120,ZYOUTH,Y120 Bike,ZH   ,ZH   ,ST   ,0,USD  ,525.00,1710,0
400,24532,10,MZ-TG-Y240,ZYOUTH,Y240 Bike,ZH   ,ZH   ,ST   ,0,USD  ,11.00,1710,0
400,24536,10,MZ-TG-Y120,ZYOUTH,Y120 Bike,ZH   ,ZH   ,ST   ,0,USD  ,132.00,1710,0
400,24537,10,MZ-TG-Y120,ZYOUTH,Y120 Bike,ZH   ,ZH   ,ST   ,0,USD  ,134.00,1710,0
400,21488,10,MZ-TG-Y120,ZYOUTH,Y120 Bike,ZH   ,ZH   ,ST   ,0,USD  ,116.00,1710,0
400,24538,10,MZ-TG-Y240,ZYOUTH,Y240 Bike,ZH   ,ZH   ,ST   ,0,USD  ,1.00,1710,0
400,21489,10,MZ-TG-Y120,ZYOUTH,Y120 Bike,ZH   ,ZH   ,ST   ,0,USD  ,74.00,1710,0
400,21490,10,MZ-TG-Y240,ZYOUTH,Y240 Bike,ZH   ,ZH   ,ST   ,0,USD  ,306.00,1710,0
400,21491,10,MZ-TG-Y240,ZYOUTH,Y240 Bike,ZH   ,ZH   ,ST   ,0,USD  ,163.00,1710,0
400,21492,10,MZ-TG-Y240,ZYOUTH,Y240 Bike,ZH   ,ZH   ,ST   ,0,USD  ,9.00,1710,0
400,22860,10,MZ-TG-Y240,ZYOUTH,Y240 Bike,ZH   ,ZH   ,ST   ,0,USD  ,12.00,1710,0
400,24544,10,MZ-TG-Y120,ZYOUTH,Y120 Bike,ZH   ,ZH   ,ST   ,0,USD  ,20.00,1710,0
400,24546,10,MZ-TG-Y120,ZYOUTH,Y120 Bike,ZH   ,ZH   ,ST   ,0,USD  ,19.00,1710,0
400,22864,10,MZ-TG-Y120,ZYOUTH,Y120 Bike,ZH   ,ZH   ,ST   ,0,USD  ,96.00,1710,0
400,24547,10,MZ-TG-Y240,ZYOUTH,Y240 Bike,ZH   ,ZH   ,ST   ,0,USD  ,89.00,1710,0
400,22865,10,MZ-TG-Y120,ZYOUTH,Y120 Bike,ZH   ,ZH   ,ST   ,0,USD  ,156.00,1710,0
400,24548,10,MZ-TG-Y240,ZYOUTH,Y240 Bike,ZH   ,ZH   ,ST   ,0,USD  ,166.00,1710,0
400,21500,10,MZ-TG-Y120,ZYOUTH,Y120 Bike,ZH   ,ZH   ,ST   ,0,USD  ,87.00,1710,0
400,21501,10,MZ-TG-Y120,ZYOUTH,Y120 Bike,ZH   ,ZH   ,ST   ,0,USD  ,642.00,1710,0
400,22869,10,MZ-TG-Y240,ZYOUTH,Y240 Bike,ZH   ,ZH   ,ST   ,0,USD  ,1.00,1710,0
400,24551,10,MZ-TG-Y120,ZYOUTH,Y120 Bike,ZH   ,ZH   ,ST   ,0,USD  ,410.00,1710,0
400,24552,10,MZ-TG-Y120,ZYOUTH,Y120 Bike,ZH   ,ZH   ,ST   ,0,USD  ,181.00,1710,0
400,21503,10,MZ-TG-Y200,ZYOUTH,Y200 Bike,ZH   ,ZH   ,ST   ,0,USD  ,20.00,1710,0
400,21504,10,MZ-TG-Y240,ZYOUTH,Y240 Bike,ZH   ,ZH   ,ST   ,0,USD  ,14.00,1710,0
400,24554,10,MZ-TG-Y240,ZYOUTH,Y240 Bike,ZH   ,ZH   ,ST   ,0,USD  ,13.00,1710,0
400,21505,10,MZ-TG-Y240,ZYOUTH,Y240 Bike,ZH   ,ZH   ,ST   ,0,USD  ,13.00,1710,0
400,24558,10,MZ-TG-Y200,ZYOUTH,Y200 Bike,ZH   ,ZH   ,ST   ,0,USD  ,15.00,1710,0
400,22877,10,MZ-TG-Y120,ZYOUTH,Y120 Bike,ZH   ,ZH   ,ST   ,0,USD  ,25.00,1710,0
400,24559,10,MZ-TG-Y240,ZYOUTH,Y240 Bike,ZH   ,ZH   ,ST   ,0,USD  ,14.00,1710,0
400,22878,10,MZ-TG-Y120,ZYOUTH,Y120 Bike,ZH   ,ZH   ,ST   ,0,USD  ,42.00,1710,0
400,22879,10,MZ-TG-Y240,ZYOUTH,Y240 Bike,ZH   ,ZH   ,ST   ,0,USD  ,224.00,1710,0
400,22880,10,MZ-TG-Y240,ZYOUTH,Y240 Bike,ZH   ,ZH   ,ST   ,0,USD  ,141.00,1710,0
400,22881,10,MZ-TG-Y240,ZYOUTH,Y240 Bike,ZH   ,ZH   ,ST   ,0,USD  ,12.00,1710,0
400,22882,10,MZ-TG-Y120,ZYOUTH,Y120 Bike,ZH   ,ZH   ,ST   ,0,USD  ,290.00,1710,0
400,24564,10,MZ-TG-Y200,ZYOUTH,Y200 Bike,ZH   ,ZH   ,ST   ,0,USD  ,10.00,1710,0
400,21515,10,MZ-TG-Y200,ZYOUTH,Y200 Bike,ZH   ,ZH   ,ST   ,0,USD  ,41.00,1710,0
400,24565,10,MZ-TG-Y200,ZYOUTH,Y200 Bike,ZH   ,ZH   ,ST   ,0,USD  ,50.00,1710,0
400,21516,10,MZ-TG-Y200,ZYOUTH,Y200 Bike,ZH   ,ZH   ,ST   ,0,USD  ,41.00,1710,0
400,22884,10,MZ-TG-Y120,ZYOUTH,Y120 Bike,ZH   ,ZH   ,ST   ,0,USD  ,104.00,1710,0
400,24566,10,MZ-TG-Y200,ZYOUTH,Y200 Bike,ZH   ,ZH   ,ST   ,0,USD  ,49.00,1710,0
400,21517,10,MZ-TG-Y200,ZYOUTH,Y200 Bike,ZH   ,ZH   ,ST   ,0,USD  ,49.00,1710,0
400,21518,10,MZ-TG-Y200,ZYOUTH,Y200 Bike,ZH   ,ZH   ,ST   ,0,USD  ,38.00,1710,0
400,24568,10,MZ-TG-Y200,ZYOUTH,Y200 Bike,ZH   ,ZH   ,ST   ,0,USD  ,274.00,1710,0
400,21519,10,MZ-TG-Y200,ZYOUTH,Y200 Bike,ZH   ,ZH   ,ST   ,0,USD  ,6.00,1710,0
400,22888,10,MZ-TG-Y200,ZYOUTH,Y200 Bike,ZH   ,ZH   ,ST   ,0,USD  ,17.00,1710,0
400,22889,10,MZ-TG-Y240,ZYOUTH,Y240 Bike,ZH   ,ZH   ,ST   ,0,USD  ,4.00,1710,0
400,22894,10,MZ-TG-Y200,ZYOUTH,Y200 Bike,ZH   ,ZH   ,ST   ,0,USD  ,35.00,1710,0
400,22895,10,MZ-TG-Y200,ZYOUTH,Y200 Bike,ZH   ,ZH   ,ST   ,0,USD  ,11.00,1710,0
400,22896,10,MZ-TG-Y200,ZYOUTH,Y200 Bike,ZH   ,ZH   ,ST   ,0,USD  ,7.00,1710,0
400,22899,10,MZ-TG-Y200,ZYOUTH,Y200 Bike,ZH   ,ZH   ,ST   ,0,USD  ,1046.00,1710,0
400,22900,10,MZ-TG-Y200,ZYOUTH,Y200 Bike,ZH   ,ZH   ,ST   ,0,USD  ,258.00,1710,0
400,24596,10,MZ-TG-Y240,ZYOUTH,Y240 Bike,ZH   ,ZH   ,ST   ,0,USD  ,70.00,1710,0
400,21549,10,MZ-TG-Y240,ZYOUTH,Y240 Bike,ZH   ,ZH   ,ST   ,0,USD  ,200.00,1710,0
400,21552,10,MZ-TG-Y120,ZYOUTH,Y120 Bike,ZH   ,ZH   ,ST   ,0,USD  ,246.00,1710,0
400,24601,10,MZ-TG-Y120,ZYOUTH,Y120 Bike,ZH   ,ZH   ,ST   ,0,USD  ,129.00,1710,0
400,21553,10,MZ-TG-Y120,ZYOUTH,Y120 Bike,ZH   ,ZH   ,ST   ,0,USD  ,156.00,1710,0
400,24602,10,MZ-TG-Y120,ZYOUTH,Y120 Bike,ZH   ,ZH   ,ST   ,0,USD  ,10.00,1710,0
400,22923,10,MZ-TG-Y240,ZYOUTH,Y240 Bike,ZH   ,ZH   ,ST   ,0,USD  ,68.00,1710,0
400,22927,10,MZ-TG-Y120,ZYOUTH,Y120 Bike,ZH   ,ZH   ,ST   ,0,USD  ,20.00,1710,0
400,21563,10,MZ-TG-Y120,ZYOUTH,Y120 Bike,ZH   ,ZH   ,ST   ,0,USD  ,48.00,1710,0
400,24612,10,MZ-TG-Y120,ZYOUTH,Y120 Bike,ZH   ,ZH   ,ST   ,0,USD  ,9.00,1710,0
400,21564,10,MZ-TG-Y120,ZYOUTH,Y120 Bike,ZH   ,ZH   ,ST   ,0,USD  ,19.00,1710,0
400,21565,10,MZ-TG-Y120,ZYOUTH,Y120 Bike,ZH   ,ZH   ,ST   ,0,USD  ,53.00,1710,0
400,24614,10,MZ-TG-Y120,ZYOUTH,Y120 Bike,ZH   ,ZH   ,ST   ,0,USD  ,85.00,1710,0
400,21566,10,MZ-TG-Y240,ZYOUTH,Y240 Bike,ZH   ,ZH   ,ST   ,0,USD  ,2.00,1710,0
400,24615,10,MZ-TG-Y120,ZYOUTH,Y120 Bike,ZH   ,ZH   ,ST   ,0,USD  ,4.00,1710,0
400,24616,10,MZ-TG-Y240,ZYOUTH,Y240 Bike,ZH   ,ZH   ,ST   ,0,USD  ,53.00,1710,0
400,21567,10,MZ-TG-Y240,ZYOUTH,Y240 Bike,ZH   ,ZH   ,ST   ,0,USD  ,7.00,1710,0
400,24617,10,MZ-TG-Y240,ZYOUTH,Y240 Bike,ZH   ,ZH   ,ST   ,0,USD  ,78.00,1710,0
400,24618,10,MZ-TG-Y240,ZYOUTH,Y240 Bike,ZH   ,ZH   ,ST   ,0,USD  ,25.00,1710,0
400,21570,10,MZ-TG-Y120,ZYOUTH,Y120 Bike,ZH   ,ZH   ,ST   ,0,USD  ,517.00,1710,0
400,24619,10,MZ-TG-Y120,ZYOUTH,Y120 Bike,ZH   ,ZH   ,ST   ,0,USD  ,297.00,1710,0
400,22939,10,MZ-TG-Y120,ZYOUTH,Y120 Bike,ZH   ,ZH   ,ST   ,0,USD  ,12.00,1710,0
400,22940,10,MZ-TG-Y120,ZYOUTH,Y120 Bike,ZH   ,ZH   ,ST   ,0,USD  ,10.00,1710,0
400,24623,10,MZ-TG-Y200,ZYOUTH,Y200 Bike,ZH   ,ZH   ,ST   ,0,USD  ,13.00,1710,0
400,22941,10,MZ-TG-Y120,ZYOUTH,Y120 Bike,ZH   ,ZH   ,ST   ,0,USD  ,113.00,1710,0
400,24624,10,MZ-TG-Y200,ZYOUTH,Y200 Bike,ZH   ,ZH   ,ST   ,0,USD  ,15.00,1710,0
400,22942,10,MZ-TG-Y240,ZYOUTH,Y240 Bike,ZH   ,ZH   ,ST   ,0,USD  ,372.00,1710,0
400,22943,10,MZ-TG-Y240,ZYOUTH,Y240 Bike,ZH   ,ZH   ,ST   ,0,USD  ,3.00,1710,0
400,24625,10,MZ-TG-Y240,ZYOUTH,Y240 Bike,ZH   ,ZH   ,ST   ,0,USD  ,16.00,1710,0
400,22944,10,MZ-TG-Y240,ZYOUTH,Y240 Bike,ZH   ,ZH   ,ST   ,0,USD  ,202.00,1710,0
400,21577,10,MZ-TG-Y200,ZYOUTH,Y200 Bike,ZH   ,ZH   ,ST   ,0,USD  ,185.00,1710,0
400,24626,10,MZ-TG-Y240,ZYOUTH,Y240 Bike,ZH   ,ZH   ,ST   ,0,USD  ,15.00,1710,0
400,22945,10,MZ-TG-Y240,ZYOUTH,Y240 Bike,ZH   ,ZH   ,ST   ,0,USD  ,16.00,1710,0
400,21578,10,MZ-TG-Y240,ZYOUTH,Y240 Bike,ZH   ,ZH   ,ST   ,0,USD  ,26.00,1710,0
400,24628,10,MZ-TG-Y200,ZYOUTH,Y200 Bike,ZH   ,ZH   ,ST   ,0,USD  ,45.00,1710,0
400,21579,10,MZ-TG-Y240,ZYOUTH,Y240 Bike,ZH   ,ZH   ,ST   ,0,USD  ,5.00,1710,0
400,24629,10,MZ-TG-Y200,ZYOUTH,Y200 Bike,ZH   ,ZH   ,ST   ,0,USD  ,17.00,1710,0
400,21581,10,MZ-TG-Y200,ZYOUTH,Y200 Bike,ZH   ,ZH   ,ST   ,0,USD  ,17.00,1710,0
400,22949,10,MZ-TG-Y120,ZYOUTH,Y120 Bike,ZH   ,ZH   ,ST   ,0,USD  ,79.00,1710,0
400,21584,10,MZ-TG-Y200,ZYOUTH,Y200 Bike,ZH   ,ZH   ,ST   ,0,USD  ,922.00,1710,0
400,21585,10,MZ-TG-Y200,ZYOUTH,Y200 Bike,ZH   ,ZH   ,ST   ,0,USD  ,107.00,1710,0
400,24635,10,MZ-TG-Y200,ZYOUTH,Y200 Bike,ZH   ,ZH   ,ST   ,0,USD  ,382.00,1710,0
400,21586,10,MZ-TG-Y200,ZYOUTH,Y200 Bike,ZH   ,ZH   ,ST   ,0,USD  ,237.00,1710,0
400,24636,10,MZ-TG-Y200,ZYOUTH,Y200 Bike,ZH   ,ZH   ,ST   ,0,USD  ,51.00,1710,0
400,22955,10,MZ-TG-Y200,ZYOUTH,Y200 Bike,ZH   ,ZH   ,ST   ,0,USD  ,151.00,1710,0
400,22956,10,MZ-TG-Y240,ZYOUTH,Y240 Bike,ZH   ,ZH   ,ST   ,0,USD  ,17.00,1710,0
400,22960,10,MZ-TG-Y200,ZYOUTH,Y200 Bike,ZH   ,ZH   ,ST   ,0,USD  ,52.00,1710,0
400,22961,10,MZ-TG-Y200,ZYOUTH,Y200 Bike,ZH   ,ZH   ,ST   ,0,USD  ,127.00,1710,0
400,22962,10,MZ-TG-Y200,ZYOUTH,Y200 Bike,ZH   ,ZH   ,ST   ,0,USD  ,42.00,1710,0
400,22963,10,MZ-TG-Y200,ZYOUTH,Y200 Bike,ZH   ,ZH   ,ST   ,0,USD  ,6.00,1710,0
400,22971,10,MZ-TG-Y200,ZYOUTH,Y200 Bike,ZH   ,ZH   ,ST   ,0,USD  ,205.00,1710,0
400,24655,10,MZ-TG-Y240,ZYOUTH,Y240 Bike,ZH   ,ZH   ,ST   ,0,USD  ,32.00,1710,0
400,24662,10,MZ-TG-Y120,ZYOUTH,Y120 Bike,ZH   ,ZH   ,ST   ,0,USD  ,123.00,1710,0
400,24663,10,MZ-TG-Y120,ZYOUTH,Y120 Bike,ZH   ,ZH   ,ST   ,0,USD  ,57.00,1710,0
400,21614,10,MZ-TG-Y240,ZYOUTH,Y240 Bike,ZH   ,ZH   ,ST   ,0,USD  ,196.00,1710,0
400,21617,10,MZ-TG-Y120,ZYOUTH,Y120 Bike,ZH   ,ZH   ,ST   ,0,USD  ,97.00,1710,0
400,21618,10,MZ-TG-Y120,ZYOUTH,Y120 Bike,ZH   ,ZH   ,ST   ,0,USD  ,12.00,1710,0
400,24673,10,MZ-TG-Y120,ZYOUTH,Y120 Bike,ZH   ,ZH   ,ST   ,0,USD  ,2.00,1710,0
400,24675,10,MZ-TG-Y120,ZYOUTH,Y120 Bike,ZH   ,ZH   ,ST   ,0,USD  ,29.00,1710,0
400,24676,10,MZ-TG-Y120,ZYOUTH,Y120 Bike,ZH   ,ZH   ,ST   ,0,USD  ,116.00,1710,0
400,22994,10,MZ-TG-Y240,ZYOUTH,Y240 Bike,ZH   ,ZH   ,ST   ,0,USD  ,91.00,1710,0
400,24677,10,MZ-TG-Y120,ZYOUTH,Y120 Bike,ZH   ,ZH   ,ST   ,0,USD  ,29.00,1710,0
400,21628,10,MZ-TG-Y120,ZYOUTH,Y120 Bike,ZH   ,ZH   ,ST   ,0,USD  ,59.00,1710,0
400,24678,10,MZ-TG-Y240,ZYOUTH,Y240 Bike,ZH   ,ZH   ,ST   ,0,USD  ,22.00,1710,0
400,24679,10,MZ-TG-Y240,ZYOUTH,Y240 Bike,ZH   ,ZH   ,ST   ,0,USD  ,15.00,1710,0
400,21629,10,MZ-TG-Y120,ZYOUTH,Y120 Bike,ZH   ,ZH   ,ST   ,0,USD  ,293.00,1710,0
400,21630,10,MZ-TG-Y120,ZYOUTH,Y120 Bike,ZH   ,ZH   ,ST   ,0,USD  ,72.00,1710,0
400,24680,10,MZ-TG-Y240,ZYOUTH,Y240 Bike,ZH   ,ZH   ,ST   ,0,USD  ,185.00,1710,0
400,24681,10,MZ-TG-Y240,ZYOUTH,Y240 Bike,ZH   ,ZH   ,ST   ,0,USD  ,29.00,1710,0
400,21631,10,MZ-TG-Y120,ZYOUTH,Y120 Bike,ZH   ,ZH   ,ST   ,0,USD  ,67.00,1710,0
400,21632,10,MZ-TG-Y240,ZYOUTH,Y240 Bike,ZH   ,ZH   ,ST   ,0,USD  ,502.00,1710,0
400,23000,10,MZ-TG-Y120,ZYOUTH,Y120 Bike,ZH   ,ZH   ,ST   ,0,USD  ,212.00,1710,0
400,21633,10,MZ-TG-Y240,ZYOUTH,Y240 Bike,ZH   ,ZH   ,ST   ,0,USD  ,261.00,1710,0
400,21634,10,MZ-TG-Y240,ZYOUTH,Y240 Bike,ZH   ,ZH   ,ST   ,0,USD  ,13.00,1710,0
400,24689,10,MZ-TG-Y240,ZYOUTH,Y240 Bike,ZH   ,ZH   ,ST   ,0,USD  ,13.00,1710,0
400,21641,10,MZ-TG-Y200,ZYOUTH,Y200 Bike,ZH   ,ZH   ,ST   ,0,USD  ,219.00,1710,0
400,23009,10,MZ-TG-Y120,ZYOUTH,Y120 Bike,ZH   ,ZH   ,ST   ,0,USD  ,38.00,1710,0
400,21642,10,MZ-TG-Y200,ZYOUTH,Y200 Bike,ZH   ,ZH   ,ST   ,0,USD  ,14.00,1710,0
400,23010,10,MZ-TG-Y120,ZYOUTH,Y120 Bike,ZH   ,ZH   ,ST   ,0,USD  ,32.00,1710,0
400,21643,10,MZ-TG-Y240,ZYOUTH,Y240 Bike,ZH   ,ZH   ,ST   ,0,USD  ,3.00,1710,0
400,23011,10,MZ-TG-Y120,ZYOUTH,Y120 Bike,ZH   ,ZH   ,ST   ,0,USD  ,11.00,1710,0
400,21644,10,MZ-TG-Y240,ZYOUTH,Y240 Bike,ZH   ,ZH   ,ST   ,0,USD  ,13.00,1710,0
400,24694,10,MZ-TG-Y200,ZYOUTH,Y200 Bike,ZH   ,ZH   ,ST   ,0,USD  ,42.00,1710,0
400,23012,10,MZ-TG-Y240,ZYOUTH,Y240 Bike,ZH   ,ZH   ,ST   ,0,USD  ,308.00,1710,0
400,24695,10,MZ-TG-Y200,ZYOUTH,Y200 Bike,ZH   ,ZH   ,ST   ,0,USD  ,69.00,1710,0
400,23013,10,MZ-TG-Y240,ZYOUTH,Y240 Bike,ZH   ,ZH   ,ST   ,0,USD  ,13.00,1710,0
400,24696,10,MZ-TG-Y200,ZYOUTH,Y200 Bike,ZH   ,ZH   ,ST   ,0,USD  ,8.00,1710,0
400,23015,10,MZ-TG-Y120,ZYOUTH,Y120 Bike,ZH   ,ZH   ,ST   ,0,USD  ,415.00,1710,0
400,24700,10,MZ-TG-Y200,ZYOUTH,Y200 Bike,ZH   ,ZH   ,ST   ,0,USD  ,126.00,1710,0
400,24701,10,MZ-TG-Y200,ZYOUTH,Y200 Bike,ZH   ,ZH   ,ST   ,0,USD  ,103.00,1710,0
400,23019,10,MZ-TG-Y200,ZYOUTH,Y200 Bike,ZH   ,ZH   ,ST   ,0,USD  ,39.00,1710,0
400,23020,10,MZ-TG-Y240,ZYOUTH,Y240 Bike,ZH   ,ZH   ,ST   ,0,USD  ,31.00,1710,0
400,21652,10,MZ-TG-Y200,ZYOUTH,Y200 Bike,ZH   ,ZH   ,ST   ,0,USD  ,42.00,1710,0
400,23021,10,MZ-TG-Y240,ZYOUTH,Y240 Bike,ZH   ,ZH   ,ST   ,0,USD  ,29.00,1710,0
400,21653,10,MZ-TG-Y200,ZYOUTH,Y200 Bike,ZH   ,ZH   ,ST   ,0,USD  ,19.00,1710,0
400,21654,10,MZ-TG-Y200,ZYOUTH,Y200 Bike,ZH   ,ZH   ,ST   ,0,USD  ,35.00,1710,0
400,23025,10,MZ-TG-Y200,ZYOUTH,Y200 Bike,ZH   ,ZH   ,ST   ,0,USD  ,49.00,1710,0
400,21659,10,MZ-TG-Y200,ZYOUTH,Y200 Bike,ZH   ,ZH   ,ST   ,0,USD  ,1201.00,1710,0
400,23026,10,MZ-TG-Y200,ZYOUTH,Y200 Bike,ZH   ,ZH   ,ST   ,0,USD  ,46.00,1710,0
400,23027,10,MZ-TG-Y200,ZYOUTH,Y200 Bike,ZH   ,ZH   ,ST   ,0,USD  ,4.00,1710,0
400,23031,10,MZ-TG-Y200,ZYOUTH,Y200 Bike,ZH   ,ZH   ,ST   ,0,USD  ,671.00,1710,0
400,23032,10,MZ-TG-Y200,ZYOUTH,Y200 Bike,ZH   ,ZH   ,ST   ,0,USD  ,255.00,1710,0
400,24728,10,MZ-TG-Y240,ZYOUTH,Y240 Bike,ZH   ,ZH   ,ST   ,0,USD  ,3.00,1710,0
400,21680,10,MZ-TG-Y240,ZYOUTH,Y240 Bike,ZH   ,ZH   ,ST   ,0,USD  ,222.00,1710,0
400,24732,10,MZ-TG-Y120,ZYOUTH,Y120 Bike,ZH   ,ZH   ,ST   ,0,USD  ,110.00,1710,0
400,21684,10,MZ-TG-Y120,ZYOUTH,Y120 Bike,ZH   ,ZH   ,ST   ,0,USD  ,916.00,1710,0
400,21685,10,MZ-TG-Y120,ZYOUTH,Y120 Bike,ZH   ,ZH   ,ST   ,0,USD  ,210.00,1710,0
400,23057,10,MZ-TG-Y240,ZYOUTH,Y240 Bike,ZH   ,ZH   ,ST   ,0,USD  ,50.00,1710,0
400,24743,10,MZ-TG-Y120,ZYOUTH,Y120 Bike,ZH   ,ZH   ,ST   ,0,USD  ,68.00,1710,0
400,24744,10,MZ-TG-Y120,ZYOUTH,Y120 Bike,ZH   ,ZH   ,ST   ,0,USD  ,5.00,1710,0
400,23063,10,MZ-TG-Y120,ZYOUTH,Y120 Bike,ZH   ,ZH   ,ST   ,0,USD  ,287.00,1710,0
400,21697,10,MZ-TG-Y120,ZYOUTH,Y120 Bike,ZH   ,ZH   ,ST   ,0,USD  ,50.00,1710,0
400,24746,10,MZ-TG-Y120,ZYOUTH,Y120 Bike,ZH   ,ZH   ,ST   ,0,USD  ,145.00,1710,0
400,21698,10,MZ-TG-Y120,ZYOUTH,Y120 Bike,ZH   ,ZH   ,ST   ,0,USD  ,46.00,1710,0
400,23064,10,MZ-TG-Y120,ZYOUTH,Y120 Bike,ZH   ,ZH   ,ST   ,0,USD  ,202.00,1710,0
400,24747,10,MZ-TG-Y120,ZYOUTH,Y120 Bike,ZH   ,ZH   ,ST   ,0,USD  ,31.00,1710,0
400,24748,10,MZ-TG-Y240,ZYOUTH,Y240 Bike,ZH   ,ZH   ,ST   ,0,USD  ,8.00,1710,0
400,21699,10,MZ-TG-Y120,ZYOUTH,Y120 Bike,ZH   ,ZH   ,ST   ,0,USD  ,4.00,1710,0
400,21700,10,MZ-TG-Y240,ZYOUTH,Y240 Bike,ZH   ,ZH   ,ST   ,0,USD  ,174.00,1710,0
400,24749,10,MZ-TG-Y240,ZYOUTH,Y240 Bike,ZH   ,ZH   ,ST   ,0,USD  ,41.00,1710,0
400,23067,10,MZ-TG-Y240,ZYOUTH,Y240 Bike,ZH   ,ZH   ,ST   ,0,USD  ,1.00,1710,0
400,21701,10,MZ-TG-Y240,ZYOUTH,Y240 Bike,ZH   ,ZH   ,ST   ,0,USD  ,17.00,1710,0
400,21702,10,MZ-TG-Y240,ZYOUTH,Y240 Bike,ZH   ,ZH   ,ST   ,0,USD  ,153.00,1710,0
400,21703,10,MZ-TG-Y240,ZYOUTH,Y240 Bike,ZH   ,ZH   ,ST   ,0,USD  ,5.00,1710,0
400,24754,10,MZ-TG-Y120,ZYOUTH,Y120 Bike,ZH   ,ZH   ,ST   ,0,USD  ,333.00,1710,0
400,23072,10,MZ-TG-Y120,ZYOUTH,Y120 Bike,ZH   ,ZH   ,ST   ,0,USD  ,51.00,1710,0
400,24756,10,MZ-TG-Y200,ZYOUTH,Y200 Bike,ZH   ,ZH   ,ST   ,0,USD  ,33.00,1710,0
400,23073,10,MZ-TG-Y120,ZYOUTH,Y120 Bike,ZH   ,ZH   ,ST   ,0,USD  ,52.00,1710,0
400,24757,10,MZ-TG-Y200,ZYOUTH,Y200 Bike,ZH   ,ZH   ,ST   ,0,USD  ,14.00,1710,0
400,23074,10,MZ-TG-Y120,ZYOUTH,Y120 Bike,ZH   ,ZH   ,ST   ,0,USD  ,85.00,1710,0
400,24758,10,MZ-TG-Y240,ZYOUTH,Y240 Bike,ZH   ,ZH   ,ST   ,0,USD  ,18.00,1710,0
400,21709,10,MZ-TG-Y120,ZYOUTH,Y120 Bike,ZH   ,ZH   ,ST   ,0,USD  ,620.00,1710,0
400,23075,10,MZ-TG-Y240,ZYOUTH,Y240 Bike,ZH   ,ZH   ,ST   ,0,USD  ,146.00,1710,0
400,24759,10,MZ-TG-Y240,ZYOUTH,Y240 Bike,ZH   ,ZH   ,ST   ,0,USD  ,19.00,1710,0
400,23076,10,MZ-TG-Y240,ZYOUTH,Y240 Bike,ZH   ,ZH   ,ST   ,0,USD  ,23.00,1710,0
400,21712,10,MZ-TG-Y200,ZYOUTH,Y200 Bike,ZH   ,ZH   ,ST   ,0,USD  ,6.00,1710,0
400,23078,10,MZ-TG-Y120,ZYOUTH,Y120 Bike,ZH   ,ZH   ,ST   ,0,USD  ,290.00,1710,0
400,21713,10,MZ-TG-Y240,ZYOUTH,Y240 Bike,ZH   ,ZH   ,ST   ,0,USD  ,8.00,1710,0
400,24764,10,MZ-TG-Y200,ZYOUTH,Y200 Bike,ZH   ,ZH   ,ST   ,0,USD  ,64.00,1710,0
400,24765,10,MZ-TG-Y200,ZYOUTH,Y200 Bike,ZH   ,ZH   ,ST   ,0,USD  ,127.00,1710,0
400,23083,10,MZ-TG-Y200,ZYOUTH,Y200 Bike,ZH   ,ZH   ,ST   ,0,USD  ,61.00,1710,0
400,24766,10,MZ-TG-Y200,ZYOUTH,Y200 Bike,ZH   ,ZH   ,ST   ,0,USD  ,28.00,1710,0
400,23084,10,MZ-TG-Y240,ZYOUTH,Y240 Bike,ZH   ,ZH   ,ST   ,0,USD  ,42.00,1710,0
400,21722,10,MZ-TG-Y200,ZYOUTH,Y200 Bike,ZH   ,ZH   ,ST   ,0,USD  ,22.00,1710,0
400,23088,10,MZ-TG-Y200,ZYOUTH,Y200 Bike,ZH   ,ZH   ,ST   ,0,USD  ,28.00,1710,0
400,21723,10,MZ-TG-Y200,ZYOUTH,Y200 Bike,ZH   ,ZH   ,ST   ,0,USD  ,29.00,1710,0
400,23089,10,MZ-TG-Y200,ZYOUTH,Y200 Bike,ZH   ,ZH   ,ST   ,0,USD  ,18.00,1710,0
400,21724,10,MZ-TG-Y200,ZYOUTH,Y200 Bike,ZH   ,ZH   ,ST   ,0,USD  ,12.00,1710,0
400,23090,10,MZ-TG-Y200,ZYOUTH,Y200 Bike,ZH   ,ZH   ,ST   ,0,USD  ,16.00,1710,0
400,24775,10,MZ-TG-Y200,ZYOUTH,Y200 Bike,ZH   ,ZH   ,ST   ,0,USD  ,447.00,1710,0
400,21728,10,MZ-TG-Y200,ZYOUTH,Y200 Bike,ZH   ,ZH   ,ST   ,0,USD  ,1130.00,1710,0
400,23094,10,MZ-TG-Y200,ZYOUTH,Y200 Bike,ZH   ,ZH   ,ST   ,0,USD  ,419.00,1710,0
400,21729,10,MZ-TG-Y200,ZYOUTH,Y200 Bike,ZH   ,ZH   ,ST   ,0,USD  ,196.00,1710,0
400,23095,10,MZ-TG-Y200,ZYOUTH,Y200 Bike,ZH   ,ZH   ,ST   ,0,USD  ,193.00,1710,0
400,24794,10,MZ-TG-Y240,ZYOUTH,Y240 Bike,ZH   ,ZH   ,ST   ,0,USD  ,73.00,1710,0
400,21750,10,MZ-TG-Y240,ZYOUTH,Y240 Bike,ZH   ,ZH   ,ST   ,0,USD  ,168.00,1710,0
400,24802,10,MZ-TG-Y120,ZYOUTH,Y120 Bike,ZH   ,ZH   ,ST   ,0,USD  ,1.00,1710,0
400,24803,10,MZ-TG-Y120,ZYOUTH,Y120 Bike,ZH   ,ZH   ,ST   ,0,USD  ,143.00,1710,0
400,21756,10,MZ-TG-Y120,ZYOUTH,Y120 Bike,ZH   ,ZH   ,ST   ,0,USD  ,227.00,1710,0
400,23122,10,MZ-TG-Y240,ZYOUTH,Y240 Bike,ZH   ,ZH   ,ST   ,0,USD  ,16.00,1710,0
400,23127,10,MZ-TG-Y120,ZYOUTH,Y120 Bike,ZH   ,ZH   ,ST   ,0,USD  ,35.00,1710,0
400,24811,10,MZ-TG-Y120,ZYOUTH,Y120 Bike,ZH   ,ZH   ,ST   ,0,USD  ,113.00,1710,0
400,24812,10,MZ-TG-Y120,ZYOUTH,Y120 Bike,ZH   ,ZH   ,ST   ,0,USD  ,44.00,1710,0
400,24813,10,MZ-TG-Y240,ZYOUTH,Y240 Bike,ZH   ,ZH   ,ST   ,0,USD  ,20.00,1710,0
400,24814,10,MZ-TG-Y240,ZYOUTH,Y240 Bike,ZH   ,ZH   ,ST   ,0,USD  ,18.00,1710,0
400,24815,10,MZ-TG-Y240,ZYOUTH,Y240 Bike,ZH   ,ZH   ,ST   ,0,USD  ,19.00,1710,0
400,21767,10,MZ-TG-Y120,ZYOUTH,Y120 Bike,ZH   ,ZH   ,ST   ,0,USD  ,67.00,1710,0
400,24816,10,MZ-TG-Y240,ZYOUTH,Y240 Bike,ZH   ,ZH   ,ST   ,0,USD  ,6.00,1710,0
400,21768,10,MZ-TG-Y120,ZYOUTH,Y120 Bike,ZH   ,ZH   ,ST   ,0,USD  ,12.00,1710,0
400,21769,10,MZ-TG-Y120,ZYOUTH,Y120 Bike,ZH   ,ZH   ,ST   ,0,USD  ,28.00,1710,0
400,24818,10,MZ-TG-Y120,ZYOUTH,Y120 Bike,ZH   ,ZH   ,ST   ,0,USD  ,120.00,1710,0
400,21770,10,MZ-TG-Y120,ZYOUTH,Y120 Bike,ZH   ,ZH   ,ST   ,0,USD  ,61.00,1710,0
400,21771,10,MZ-TG-Y240,ZYOUTH,Y240 Bike,ZH   ,ZH   ,ST   ,0,USD  ,496.00,1710,0
400,23137,10,MZ-TG-Y120,ZYOUTH,Y120 Bike,ZH   ,ZH   ,ST   ,0,USD  ,47.00,1710,0
400,21772,10,MZ-TG-Y240,ZYOUTH,Y240 Bike,ZH   ,ZH   ,ST   ,0,USD  ,14.00,1710,0
400,23138,10,MZ-TG-Y120,ZYOUTH,Y120 Bike,ZH   ,ZH   ,ST   ,0,USD  ,161.00,1710,0
400,23139,10,MZ-TG-Y120,ZYOUTH,Y120 Bike,ZH   ,ZH   ,ST   ,0,USD  ,196.00,1710,0
400,24823,10,MZ-TG-Y200,ZYOUTH,Y200 Bike,ZH   ,ZH   ,ST   ,0,USD  ,28.00,1710,0
400,23140,10,MZ-TG-Y120,ZYOUTH,Y120 Bike,ZH   ,ZH   ,ST   ,0,USD  ,45.00,1710,0
400,23141,10,MZ-TG-Y240,ZYOUTH,Y240 Bike,ZH   ,ZH   ,ST   ,0,USD  ,139.00,1710,0
400,24824,10,MZ-TG-Y200,ZYOUTH,Y200 Bike,ZH   ,ZH   ,ST   ,0,USD  ,14.00,1710,0
400,24825,10,MZ-TG-Y240,ZYOUTH,Y240 Bike,ZH   ,ZH   ,ST   ,0,USD  ,7.00,1710,0
400,23142,10,MZ-TG-Y240,ZYOUTH,Y240 Bike,ZH   ,ZH   ,ST   ,0,USD  ,3.00,1710,0
400,21779,10,MZ-TG-Y120,ZYOUTH,Y120 Bike,ZH   ,ZH   ,ST   ,0,USD  ,412.00,1710,0
400,21782,10,MZ-TG-Y200,ZYOUTH,Y200 Bike,ZH   ,ZH   ,ST   ,0,USD  ,193.00,1710,0
400,24830,10,MZ-TG-Y200,ZYOUTH,Y200 Bike,ZH   ,ZH   ,ST   ,0,USD  ,8.00,1710,0
400,21783,10,MZ-TG-Y240,ZYOUTH,Y240 Bike,ZH   ,ZH   ,ST   ,0,USD  ,24.00,1710,0
400,24831,10,MZ-TG-Y200,ZYOUTH,Y200 Bike,ZH   ,ZH   ,ST   ,0,USD  ,24.00,1710,0
400,21784,10,MZ-TG-Y240,ZYOUTH,Y240 Bike,ZH   ,ZH   ,ST   ,0,USD  ,296.00,1710,0
400,23150,10,MZ-TG-Y200,ZYOUTH,Y200 Bike,ZH   ,ZH   ,ST   ,0,USD  ,15.00,1710,0
400,21785,10,MZ-TG-Y240,ZYOUTH,Y240 Bike,ZH   ,ZH   ,ST   ,0,USD  ,6.00,1710,0
400,23151,10,MZ-TG-Y200,ZYOUTH,Y200 Bike,ZH   ,ZH   ,ST   ,0,USD  ,125.00,1710,0
400,24835,10,MZ-TG-Y200,ZYOUTH,Y200 Bike,ZH   ,ZH   ,ST   ,0,USD  ,67.00,1710,0
400,23152,10,MZ-TG-Y240,ZYOUTH,Y240 Bike,ZH   ,ZH   ,ST   ,0,USD  ,37.00,1710,0
400,23153,10,MZ-TG-Y240,ZYOUTH,Y240 Bike,ZH   ,ZH   ,ST   ,0,USD  ,199.00,1710,0
400,21793,10,MZ-TG-Y200,ZYOUTH,Y200 Bike,ZH   ,ZH   ,ST   ,0,USD  ,127.00,1710,0
400,21794,10,MZ-TG-Y200,ZYOUTH,Y200 Bike,ZH   ,ZH   ,ST   ,0,USD  ,28.00,1710,0
400,21795,10,MZ-TG-Y200,ZYOUTH,Y200 Bike,ZH   ,ZH   ,ST   ,0,USD  ,8.00,1710,0
400,23161,10,MZ-TG-Y200,ZYOUTH,Y200 Bike,ZH   ,ZH   ,ST   ,0,USD  ,31.00,1710,0
400,23162,10,MZ-TG-Y200,ZYOUTH,Y200 Bike,ZH   ,ZH   ,ST   ,0,USD  ,19.00,1710,0
400,21798,10,MZ-TG-Y200,ZYOUTH,Y200 Bike,ZH   ,ZH   ,ST   ,0,USD  ,1286.00,1710,0
400,21799,10,MZ-TG-Y200,ZYOUTH,Y200 Bike,ZH   ,ZH   ,ST   ,0,USD  ,83.00,1710,0
400,23168,10,MZ-TG-Y200,ZYOUTH,Y200 Bike,ZH   ,ZH   ,ST   ,0,USD  ,140.00,1710,0
400,24863,10,MZ-TG-Y240,ZYOUTH,Y240 Bike,ZH   ,ZH   ,ST   ,0,USD  ,75.00,1710,0
400,24868,10,MZ-TG-Y120,ZYOUTH,Y120 Bike,ZH   ,ZH   ,ST   ,0,USD  ,132.00,1710,0
400,24869,10,MZ-TG-Y120,ZYOUTH,Y120 Bike,ZH   ,ZH   ,ST   ,0,USD  ,13.00,1710,0
400,21821,10,MZ-TG-Y240,ZYOUTH,Y240 Bike,ZH   ,ZH   ,ST   ,0,USD  ,87.00,1710,0
400,23193,10,MZ-TG-Y240,ZYOUTH,Y240 Bike,ZH   ,ZH   ,ST   ,0,USD  ,75.00,1710,0
400,21828,10,MZ-TG-Y120,ZYOUTH,Y120 Bike,ZH   ,ZH   ,ST   ,0,USD  ,1090.00,1710,0
400,24878,10,MZ-TG-Y120,ZYOUTH,Y120 Bike,ZH   ,ZH   ,ST   ,0,USD  ,65.00,1710,0
400,21829,10,MZ-TG-Y120,ZYOUTH,Y120 Bike,ZH   ,ZH   ,ST   ,0,USD  ,501.00,1710,0
400,21830,10,MZ-TG-Y120,ZYOUTH,Y120 Bike,ZH   ,ZH   ,ST   ,0,USD  ,17.00,1710,0
400,24880,10,MZ-TG-Y120,ZYOUTH,Y120 Bike,ZH   ,ZH   ,ST   ,0,USD  ,18.00,1710,0
400,24881,10,MZ-TG-Y240,ZYOUTH,Y240 Bike,ZH   ,ZH   ,ST   ,0,USD  ,138.00,1710,0
400,23199,10,MZ-TG-Y120,ZYOUTH,Y120 Bike,ZH   ,ZH   ,ST   ,0,USD  ,191.00,1710,0
400,24882,10,MZ-TG-Y240,ZYOUTH,Y240 Bike,ZH   ,ZH   ,ST   ,0,USD  ,178.00,1710,0
400,24883,10,MZ-TG-Y240,ZYOUTH,Y240 Bike,ZH   ,ZH   ,ST   ,0,USD  ,6.00,1710,0
400,24884,10,MZ-TG-Y120,ZYOUTH,Y120 Bike,ZH   ,ZH   ,ST   ,0,USD  ,165.00,1710,0
400,21838,10,MZ-TG-Y120,ZYOUTH,Y120 Bike,ZH   ,ZH   ,ST   ,0,USD  ,31.00,1710,0
400,24888,10,MZ-TG-Y200,ZYOUTH,Y200 Bike,ZH   ,ZH   ,ST   ,0,USD  ,14.00,1710,0
400,21839,10,MZ-TG-Y120,ZYOUTH,Y120 Bike,ZH   ,ZH   ,ST   ,0,USD  ,11.00,1710,0
400,24889,10,MZ-TG-Y240,ZYOUTH,Y240 Bike,ZH   ,ZH   ,ST   ,0,USD  ,18.00,1710,0
400,21840,10,MZ-TG-Y120,ZYOUTH,Y120 Bike,ZH   ,ZH   ,ST   ,0,USD  ,60.00,1710,0
400,24890,10,MZ-TG-Y240,ZYOUTH,Y240 Bike,ZH   ,ZH   ,ST   ,0,USD  ,22.00,1710,0
400,21841,10,MZ-TG-Y240,ZYOUTH,Y240 Bike,ZH   ,ZH   ,ST   ,0,USD  ,299.00,1710,0
400,23208,10,MZ-TG-Y120,ZYOUTH,Y120 Bike,ZH   ,ZH   ,ST   ,0,USD  ,37.00,1710,0
400,21842,10,MZ-TG-Y240,ZYOUTH,Y240 Bike,ZH   ,ZH   ,ST   ,0,USD  ,107.00,1710,0
400,23209,10,MZ-TG-Y120,ZYOUTH,Y120 Bike,ZH   ,ZH   ,ST   ,0,USD  ,18.00,1710,0
400,21843,10,MZ-TG-Y240,ZYOUTH,Y240 Bike,ZH   ,ZH   ,ST   ,0,USD  ,8.00,1710,0
400,23210,10,MZ-TG-Y120,ZYOUTH,Y120 Bike,ZH   ,ZH   ,ST   ,0,USD  ,47.00,1710,0
400,24893,10,MZ-TG-Y200,ZYOUTH,Y200 Bike,ZH   ,ZH   ,ST   ,0,USD  ,42.00,1710,0
400,23211,10,MZ-TG-Y240,ZYOUTH,Y240 Bike,ZH   ,ZH   ,ST   ,0,USD  ,69.00,1710,0
400,24894,10,MZ-TG-Y200,ZYOUTH,Y200 Bike,ZH   ,ZH   ,ST   ,0,USD  ,9.00,1710,0
400,23212,10,MZ-TG-Y240,ZYOUTH,Y240 Bike,ZH   ,ZH   ,ST   ,0,USD  ,18.00,1710,0
400,24895,10,MZ-TG-Y200,ZYOUTH,Y200 Bike,ZH   ,ZH   ,ST   ,0,USD  ,9.00,1710,0
400,23213,10,MZ-TG-Y240,ZYOUTH,Y240 Bike,ZH   ,ZH   ,ST   ,0,USD  ,123.00,1710,0
400,24896,10,MZ-TG-Y200,ZYOUTH,Y200 Bike,ZH   ,ZH   ,ST   ,0,USD  ,12.00,1710,0
400,23214,10,MZ-TG-Y240,ZYOUTH,Y240 Bike,ZH   ,ZH   ,ST   ,0,USD  ,2.00,1710,0
400,24898,10,MZ-TG-Y200,ZYOUTH,Y200 Bike,ZH   ,ZH   ,ST   ,0,USD  ,182.00,1710,0
400,21850,10,MZ-TG-Y200,ZYOUTH,Y200 Bike,ZH   ,ZH   ,ST   ,0,USD  ,200.00,1710,0
400,23217,10,MZ-TG-Y120,ZYOUTH,Y120 Bike,ZH   ,ZH   ,ST   ,0,USD  ,886.00,1710,0
400,21851,10,MZ-TG-Y240,ZYOUTH,Y240 Bike,ZH   ,ZH   ,ST   ,0,USD  ,22.00,1710,0
400,21852,10,MZ-TG-Y240,ZYOUTH,Y240 Bike,ZH   ,ZH   ,ST   ,0,USD  ,6.00,1710,0
400,23222,10,MZ-TG-Y200,ZYOUTH,Y200 Bike,ZH   ,ZH   ,ST   ,0,USD  ,12.00,1710,0
400,23223,10,MZ-TG-Y240,ZYOUTH,Y240 Bike,ZH   ,ZH   ,ST   ,0,USD  ,21.00,1710,0
400,23225,10,MZ-TG-Y200,ZYOUTH,Y200 Bike,ZH   ,ZH   ,ST   ,0,USD  ,59.00,1710,0
400,23226,10,MZ-TG-Y200,ZYOUTH,Y200 Bike,ZH   ,ZH   ,ST   ,0,USD  ,69.00,1710,0
400,21860,10,MZ-TG-Y200,ZYOUTH,Y200 Bike,ZH   ,ZH   ,ST   ,0,USD  ,81.00,1710,0
400,23227,10,MZ-TG-Y200,ZYOUTH,Y200 Bike,ZH   ,ZH   ,ST   ,0,USD  ,27.00,1710,0
400,21861,10,MZ-TG-Y200,ZYOUTH,Y200 Bike,ZH   ,ZH   ,ST   ,0,USD  ,10.00,1710,0
400,23228,10,MZ-TG-Y200,ZYOUTH,Y200 Bike,ZH   ,ZH   ,ST   ,0,USD  ,20.00,1710,0
400,21867,10,MZ-TG-Y200,ZYOUTH,Y200 Bike,ZH   ,ZH   ,ST   ,0,USD  ,260.00,1710,0
400,21868,10,MZ-TG-Y200,ZYOUTH,Y200 Bike,ZH   ,ZH   ,ST   ,0,USD  ,40.00,1710,0
400,24924,10,MZ-TG-Y240,ZYOUTH,Y240 Bike,ZH   ,ZH   ,ST   ,0,USD  ,74.00,1710,0
400,24928,10,MZ-TG-Y120,ZYOUTH,Y120 Bike,ZH   ,ZH   ,ST   ,0,USD  ,326.00,1710,0
400,24929,10,MZ-TG-Y120,ZYOUTH,Y120 Bike,ZH   ,ZH   ,ST   ,0,USD  ,9.00,1710,0
400,23253,10,MZ-TG-Y240,ZYOUTH,Y240 Bike,ZH   ,ZH   ,ST   ,0,USD  ,72.00,1710,0
400,24939,10,MZ-TG-Y120,ZYOUTH,Y120 Bike,ZH   ,ZH   ,ST   ,0,USD  ,50.00,1710,0
400,21890,10,MZ-TG-Y240,ZYOUTH,Y240 Bike,ZH   ,ZH   ,ST   ,0,USD  ,264.00,1710,0
400,24940,10,MZ-TG-Y120,ZYOUTH,Y120 Bike,ZH   ,ZH   ,ST   ,0,USD  ,11.00,1710,0
400,24941,10,MZ-TG-Y120,ZYOUTH,Y120 Bike,ZH   ,ZH   ,ST   ,0,USD  ,32.00,1710,0
400,24942,10,MZ-TG-Y240,ZYOUTH,Y240 Bike,ZH   ,ZH   ,ST   ,0,USD  ,52.00,1710,0
400,24943,10,MZ-TG-Y240,ZYOUTH,Y240 Bike,ZH   ,ZH   ,ST   ,0,USD  ,153.00,1710,0
400,23260,10,MZ-TG-Y120,ZYOUTH,Y120 Bike,ZH   ,ZH   ,ST   ,0,USD  ,51.00,1710,0
400,24944,10,MZ-TG-Y240,ZYOUTH,Y240 Bike,ZH   ,ZH   ,ST   ,0,USD  ,7.00,1710,0
400,23261,10,MZ-TG-Y120,ZYOUTH,Y120 Bike,ZH   ,ZH   ,ST   ,0,USD  ,17.00,1710,0
400,21895,10,MZ-TG-Y120,ZYOUTH,Y120 Bike,ZH   ,ZH   ,ST   ,0,USD  ,420.00,1710,0
400,23262,10,MZ-TG-Y120,ZYOUTH,Y120 Bike,ZH   ,ZH   ,ST   ,0,USD  ,88.00,1710,0
400,21896,10,MZ-TG-Y120,ZYOUTH,Y120 Bike,ZH   ,ZH   ,ST   ,0,USD  ,247.00,1710,0
400,24947,10,MZ-TG-Y120,ZYOUTH,Y120 Bike,ZH   ,ZH   ,ST   ,0,USD  ,365.00,1710,0
400,21903,10,MZ-TG-Y120,ZYOUTH,Y120 Bike,ZH   ,ZH   ,ST   ,0,USD  ,4.00,1710,0
400,21904,10,MZ-TG-Y120,ZYOUTH,Y120 Bike,ZH   ,ZH   ,ST   ,0,USD  ,59.00,1710,0
400,21905,10,MZ-TG-Y120,ZYOUTH,Y120 Bike,ZH   ,ZH   ,ST   ,0,USD  ,48.00,1710,0
400,23274,10,MZ-TG-Y120,ZYOUTH,Y120 Bike,ZH   ,ZH   ,ST   ,0,USD  ,48.00,1710,0
400,23275,10,MZ-TG-Y120,ZYOUTH,Y120 Bike,ZH   ,ZH   ,ST   ,0,USD  ,70.00,1710,0
400,21916,10,MZ-TG-Y120,ZYOUTH,Y120 Bike,ZH   ,ZH   ,ST   ,0,USD  ,697.00,1710,0
400,23286,10,MZ-TG-Y120,ZYOUTH,Y120 Bike,ZH   ,ZH   ,ST   ,0,USD  ,280.00,1710,0
400,25000,10,MZ-TG-Y120,ZYOUTH,Y120 Bike,ZH   ,ZH   ,ST   ,0,USD  ,293.00,1710,0
400,25001,10,MZ-TG-Y120,ZYOUTH,Y120 Bike,ZH   ,ZH   ,ST   ,0,USD  ,16.00,1710,0
400,25002,10,MZ-TG-Y120,ZYOUTH,Y120 Bike,ZH   ,ZH   ,ST   ,0,USD  ,172.00,1710,0
400,25003,10,MZ-TG-Y120,ZYOUTH,Y120 Bike,ZH   ,ZH   ,ST   ,0,USD  ,17.00,1710,0
400,25009,10,MZ-TG-Y120,ZYOUTH,Y120 Bike,ZH   ,ZH   ,ST   ,0,USD  ,29.00,1710,0
400,21969,10,MZ-TG-Y120,ZYOUTH,Y120 Bike,ZH   ,ZH   ,ST   ,0,USD  ,887.00,1710,0
400,21970,10,MZ-TG-Y120,ZYOUTH,Y120 Bike,ZH   ,ZH   ,ST   ,0,USD  ,326.00,1710,0
400,23335,10,MZ-TG-Y120,ZYOUTH,Y120 Bike,ZH   ,ZH   ,ST   ,0,USD  ,587.00,1710,0
400,23336,10,MZ-TG-Y120,ZYOUTH,Y120 Bike,ZH   ,ZH   ,ST   ,0,USD  ,49.00,1710,0
400,25021,10,MZ-TG-Y120,ZYOUTH,Y120 Bike,ZH   ,ZH   ,ST   ,0,USD  ,121.00,1710,0
400,23343,10,MZ-TG-Y120,ZYOUTH,Y120 Bike,ZH   ,ZH   ,ST   ,0,USD  ,21.00,1710,0
400,21978,10,MZ-TG-Y120,ZYOUTH,Y120 Bike,ZH   ,ZH   ,ST   ,0,USD  ,110.00,1710,0
400,23344,10,MZ-TG-Y120,ZYOUTH,Y120 Bike,ZH   ,ZH   ,ST   ,0,USD  ,61.00,1710,0
400,21979,10,MZ-TG-Y120,ZYOUTH,Y120 Bike,ZH   ,ZH   ,ST   ,0,USD  ,11.00,1710,0
400,23345,10,MZ-TG-Y120,ZYOUTH,Y120 Bike,ZH   ,ZH   ,ST   ,0,USD  ,78.00,1710,0
400,23346,10,MZ-TG-Y120,ZYOUTH,Y120 Bike,ZH   ,ZH   ,ST   ,0,USD  ,52.00,1710,0
400,21985,10,MZ-TG-Y120,ZYOUTH,Y120 Bike,ZH   ,ZH   ,ST   ,0,USD  ,93.00,1710,0
400,21986,10,MZ-TG-Y120,ZYOUTH,Y120 Bike,ZH   ,ZH   ,ST   ,0,USD  ,223.00,1710,0
400,25063,10,MZ-TG-Y120,ZYOUTH,Y120 Bike,ZH   ,ZH   ,ST   ,0,USD  ,83.00,1710,0
400,25072,10,MZ-TG-Y120,ZYOUTH,Y120 Bike,ZH   ,ZH   ,ST   ,0,USD  ,66.00,1710,0
400,25074,10,MZ-TG-Y120,ZYOUTH,Y120 Bike,ZH   ,ZH   ,ST   ,0,USD  ,42.00,1710,0
400,25075,10,MZ-TG-Y120,ZYOUTH,Y120 Bike,ZH   ,ZH   ,ST   ,0,USD  ,54.00,1710,0
400,23398,10,MZ-TG-Y120,ZYOUTH,Y120 Bike,ZH   ,ZH   ,ST   ,0,USD  ,76.00,1710,0
400,25081,10,MZ-TG-Y120,ZYOUTH,Y120 Bike,ZH   ,ZH   ,ST   ,0,USD  ,546.00,1710,0
400,22035,10,MZ-TG-Y120,ZYOUTH,Y120 Bike,ZH   ,ZH   ,ST   ,0,USD  ,285.00,1710,0
400,23408,10,MZ-TG-Y120,ZYOUTH,Y120 Bike,ZH   ,ZH   ,ST   ,0,USD  ,7.00,1710,0
400,23409,10,MZ-TG-Y120,ZYOUTH,Y120 Bike,ZH   ,ZH   ,ST   ,0,USD  ,40.00,1710,0
400,22046,10,MZ-TG-Y120,ZYOUTH,Y120 Bike,ZH   ,ZH   ,ST   ,0,USD  ,19.00,1710,0
400,22047,10,MZ-TG-Y120,ZYOUTH,Y120 Bike,ZH   ,ZH   ,ST   ,0,USD  ,18.00,1710,0
400,22048,10,MZ-TG-Y120,ZYOUTH,Y120 Bike,ZH   ,ZH   ,ST   ,0,USD  ,61.00,1710,0
400,23417,10,MZ-TG-Y120,ZYOUTH,Y120 Bike,ZH   ,ZH   ,ST   ,0,USD  ,658.00,1710,0
400,23418,10,MZ-TG-Y120,ZYOUTH,Y120 Bike,ZH   ,ZH   ,ST   ,0,USD  ,778.00,1710,0
400,23419,10,MZ-TG-Y120,ZYOUTH,Y120 Bike,ZH   ,ZH   ,ST   ,0,USD  ,114.00,1710,0
400,22058,10,MZ-TG-Y120,ZYOUTH,Y120 Bike,ZH   ,ZH   ,ST   ,0,USD  ,270.00,1710,0
400,25131,10,MZ-TG-Y120,ZYOUTH,Y120 Bike,ZH   ,ZH   ,ST   ,0,USD  ,37.00,1710,0
400,25136,10,MZ-TG-Y120,ZYOUTH,Y120 Bike,ZH   ,ZH   ,ST   ,0,USD  ,46.00,1710,0
400,25138,10,MZ-TG-Y120,ZYOUTH,Y120 Bike,ZH   ,ZH   ,ST   ,0,USD  ,8.00,1710,0
400,25146,10,MZ-TG-Y120,ZYOUTH,Y120 Bike,ZH   ,ZH   ,ST   ,0,USD  ,528.00,1710,0
400,23464,10,MZ-TG-Y120,ZYOUTH,Y120 Bike,ZH   ,ZH   ,ST   ,0,USD  ,102.00,1710,0
400,25147,10,MZ-TG-Y120,ZYOUTH,Y120 Bike,ZH   ,ZH   ,ST   ,0,USD  ,206.00,1710,0
400,22106,10,MZ-TG-Y120,ZYOUTH,Y120 Bike,ZH   ,ZH   ,ST   ,0,USD  ,263.00,1710,0
400,23475,10,MZ-TG-Y120,ZYOUTH,Y120 Bike,ZH   ,ZH   ,ST   ,0,USD  ,50.00,1710,0
400,23476,10,MZ-TG-Y120,ZYOUTH,Y120 Bike,ZH   ,ZH   ,ST   ,0,USD  ,73.00,1710,0
400,23477,10,MZ-TG-Y120,ZYOUTH,Y120 Bike,ZH   ,ZH   ,ST   ,0,USD  ,70.00,1710,0
400,22112,10,MZ-TG-Y120,ZYOUTH,Y120 Bike,ZH   ,ZH   ,ST   ,0,USD  ,14.00,1710,0
400,23486,10,MZ-TG-Y120,ZYOUTH,Y120 Bike,ZH   ,ZH   ,ST   ,0,USD  ,830.00,1710,0
400,22122,10,MZ-TG-Y120,ZYOUTH,Y120 Bike,ZH   ,ZH   ,ST   ,0,USD  ,690.00,1710,0
400,22123,10,MZ-TG-Y120,ZYOUTH,Y120 Bike,ZH   ,ZH   ,ST   ,0,USD  ,370.00,1710,0
400,22124,10,MZ-TG-Y120,ZYOUTH,Y120 Bike,ZH   ,ZH   ,ST   ,0,USD  ,101.00,1710,0
400,22125,10,MZ-TG-Y120,ZYOUTH,Y120 Bike,ZH   ,ZH   ,ST   ,0,USD  ,58.00,1710,0
400,25199,10,MZ-TG-Y120,ZYOUTH,Y120 Bike,ZH   ,ZH   ,ST   ,0,USD  ,72.00,1710,0
400,25209,10,MZ-TG-Y120,ZYOUTH,Y120 Bike,ZH   ,ZH   ,ST   ,0,USD  ,62.00,1710,0
400,25211,10,MZ-TG-Y120,ZYOUTH,Y120 Bike,ZH   ,ZH   ,ST   ,0,USD  ,39.00,1710,0
400,23531,10,MZ-TG-Y120,ZYOUTH,Y120 Bike,ZH   ,ZH   ,ST   ,0,USD  ,224.00,1710,0
400,23532,10,MZ-TG-Y120,ZYOUTH,Y120 Bike,ZH   ,ZH   ,ST   ,0,USD  ,15.00,1710,0
400,23533,10,MZ-TG-Y120,ZYOUTH,Y120 Bike,ZH   ,ZH   ,ST   ,0,USD  ,64.00,1710,0
400,25219,10,MZ-TG-Y120,ZYOUTH,Y120 Bike,ZH   ,ZH   ,ST   ,0,USD  ,383.00,1710,0
400,25221,10,MZ-TG-Y120,ZYOUTH,Y120 Bike,ZH   ,ZH   ,ST   ,0,USD  ,151.00,1710,0
400,22173,10,MZ-TG-Y120,ZYOUTH,Y120 Bike,ZH   ,ZH   ,ST   ,0,USD  ,450.00,1710,0
400,23542,10,MZ-TG-Y120,ZYOUTH,Y120 Bike,ZH   ,ZH   ,ST   ,0,USD  ,75.00,1710,0
400,23543,10,MZ-TG-Y120,ZYOUTH,Y120 Bike,ZH   ,ZH   ,ST   ,0,USD  ,63.00,1710,0
400,22183,10,MZ-TG-Y120,ZYOUTH,Y120 Bike,ZH   ,ZH   ,ST   ,0,USD  ,24.00,1710,0
400,22184,10,MZ-TG-Y120,ZYOUTH,Y120 Bike,ZH   ,ZH   ,ST   ,0,USD  ,48.00,1710,0
400,22185,10,MZ-TG-Y120,ZYOUTH,Y120 Bike,ZH   ,ZH   ,ST   ,0,USD  ,64.00,1710,0
400,23553,10,MZ-TG-Y120,ZYOUTH,Y120 Bike,ZH   ,ZH   ,ST   ,0,USD  ,87.00,1710,0
400,22186,10,MZ-TG-Y120,ZYOUTH,Y120 Bike,ZH   ,ZH   ,ST   ,0,USD  ,7.00,1710,0
400,22199,10,MZ-TG-Y120,ZYOUTH,Y120 Bike,ZH   ,ZH   ,ST   ,0,USD  ,321.00,1710,0
400,25259,10,MZ-TG-Y120,ZYOUTH,Y120 Bike,ZH   ,ZH   ,ST   ,0,USD  ,166.00,1710,0
400,25270,10,MZ-TG-Y120,ZYOUTH,Y120 Bike,ZH   ,ZH   ,ST   ,0,USD  ,46.00,1710,0
400,25272,10,MZ-TG-Y120,ZYOUTH,Y120 Bike,ZH   ,ZH   ,ST   ,0,USD  ,193.00,1710,0
400,25273,10,MZ-TG-Y120,ZYOUTH,Y120 Bike,ZH   ,ZH   ,ST   ,0,USD  ,63.00,1710,0
400,25274,10,MZ-TG-Y120,ZYOUTH,Y120 Bike,ZH   ,ZH   ,ST   ,0,USD  ,45.00,1710,0
400,23596,10,MZ-TG-Y120,ZYOUTH,Y120 Bike,ZH   ,ZH   ,ST   ,0,USD  ,17.00,1710,0
400,23597,10,MZ-TG-Y120,ZYOUTH,Y120 Bike,ZH   ,ZH   ,ST   ,0,USD  ,98.00,1710,0
400,23606,10,MZ-TG-Y120,ZYOUTH,Y120 Bike,ZH   ,ZH   ,ST   ,0,USD  ,31.00,1710,0
400,23607,10,MZ-TG-Y120,ZYOUTH,Y120 Bike,ZH   ,ZH   ,ST   ,0,USD  ,75.00,1710,0
400,23613,10,MZ-TG-Y120,ZYOUTH,Y120 Bike,ZH   ,ZH   ,ST   ,0,USD  ,688.00,1710,0
400,23615,10,MZ-TG-Y120,ZYOUTH,Y120 Bike,ZH   ,ZH   ,ST   ,0,USD  ,171.00,1710,0
400,22246,10,MZ-TG-Y120,ZYOUTH,Y120 Bike,ZH   ,ZH   ,ST   ,0,USD  ,285.00,1710,0
400,22255,10,MZ-TG-Y120,ZYOUTH,Y120 Bike,ZH   ,ZH   ,ST   ,0,USD  ,75.00,1710,0
400,22256,10,MZ-TG-Y120,ZYOUTH,Y120 Bike,ZH   ,ZH   ,ST   ,0,USD  ,8.00,1710,0
400,22257,10,MZ-TG-Y120,ZYOUTH,Y120 Bike,ZH   ,ZH   ,ST   ,0,USD  ,81.00,1710,0
400,22261,10,MZ-TG-Y120,ZYOUTH,Y120 Bike,ZH   ,ZH   ,ST   ,0,USD  ,867.00,1710,0
400,22262,10,MZ-TG-Y120,ZYOUTH,Y120 Bike,ZH   ,ZH   ,ST   ,0,USD  ,710.00,1710,0
400,25328,10,MZ-TG-Y120,ZYOUTH,Y120 Bike,ZH   ,ZH   ,ST   ,0,USD  ,25.00,1710,0
400,25329,10,MZ-TG-Y120,ZYOUTH,Y120 Bike,ZH   ,ZH   ,ST   ,0,USD  ,1.00,1710,0
400,25330,10,MZ-TG-Y120,ZYOUTH,Y120 Bike,ZH   ,ZH   ,ST   ,0,USD  ,46.00,1710,0
400,23653,10,MZ-TG-Y120,ZYOUTH,Y120 Bike,ZH   ,ZH   ,ST   ,0,USD  ,1.00,1710,0
400,25337,10,MZ-TG-Y120,ZYOUTH,Y120 Bike,ZH   ,ZH   ,ST   ,0,USD  ,38.00,1710,0
400,25339,10,MZ-TG-Y120,ZYOUTH,Y120 Bike,ZH   ,ZH   ,ST   ,0,USD  ,37.00,1710,0
400,25345,10,MZ-TG-Y120,ZYOUTH,Y120 Bike,ZH   ,ZH   ,ST   ,0,USD  ,263.00,1710,0
400,23664,10,MZ-TG-Y120,ZYOUTH,Y120 Bike,ZH   ,ZH   ,ST   ,0,USD  ,741.00,1710,0
400,23673,10,MZ-TG-Y120,ZYOUTH,Y120 Bike,ZH   ,ZH   ,ST   ,0,USD  ,27.00,1710,0
400,23674,10,MZ-TG-Y120,ZYOUTH,Y120 Bike,ZH   ,ZH   ,ST   ,0,USD  ,47.00,1710,0
400,23675,10,MZ-TG-Y120,ZYOUTH,Y120 Bike,ZH   ,ZH   ,ST   ,0,USD  ,36.00,1710,0
400,23678,10,MZ-TG-Y120,ZYOUTH,Y120 Bike,ZH   ,ZH   ,ST   ,0,USD  ,512.00,1710,0
400,22316,10,MZ-TG-Y120,ZYOUTH,Y120 Bike,ZH   ,ZH   ,ST   ,0,USD  ,147.00,1710,0
400,22327,10,MZ-TG-Y120,ZYOUTH,Y120 Bike,ZH   ,ZH   ,ST   ,0,USD  ,85.00,1710,0
400,22328,10,MZ-TG-Y120,ZYOUTH,Y120 Bike,ZH   ,ZH   ,ST   ,0,USD  ,156.00,1710,0
400,22329,10,MZ-TG-Y120,ZYOUTH,Y120 Bike,ZH   ,ZH   ,ST   ,0,USD  ,76.00,1710,0
400,22334,10,MZ-TG-Y120,ZYOUTH,Y120 Bike,ZH   ,ZH   ,ST   ,0,USD  ,721.00,1710,0
400,22335,10,MZ-TG-Y120,ZYOUTH,Y120 Bike,ZH   ,ZH   ,ST   ,0,USD  ,237.00,1710,0
400,25401,10,MZ-TG-Y120,ZYOUTH,Y120 Bike,ZH   ,ZH   ,ST   ,0,USD  ,174.00,1710,0
400,23723,10,MZ-TG-Y120,ZYOUTH,Y120 Bike,ZH   ,ZH   ,ST   ,0,USD  ,13.00,1710,0
400,23724,10,MZ-TG-Y120,ZYOUTH,Y120 Bike,ZH   ,ZH   ,ST   ,0,USD  ,190.00,1710,0
400,25410,10,MZ-TG-Y120,ZYOUTH,Y120 Bike,ZH   ,ZH   ,ST   ,0,USD  ,28.00,1710,0
400,25412,10,MZ-TG-Y120,ZYOUTH,Y120 Bike,ZH   ,ZH   ,ST   ,0,USD  ,139.00,1710,0
400,25413,10,MZ-TG-Y120,ZYOUTH,Y120 Bike,ZH   ,ZH   ,ST   ,0,USD  ,34.00,1710,0
400,23736,10,MZ-TG-Y120,ZYOUTH,Y120 Bike,ZH   ,ZH   ,ST   ,0,USD  ,5.00,1710,0
400,23737,10,MZ-TG-Y120,ZYOUTH,Y120 Bike,ZH   ,ZH   ,ST   ,0,USD  ,74.00,1710,0
400,25422,10,MZ-TG-Y120,ZYOUTH,Y120 Bike,ZH   ,ZH   ,ST   ,0,USD  ,190.00,1710,0
400,23748,10,MZ-TG-Y120,ZYOUTH,Y120 Bike,ZH   ,ZH   ,ST   ,0,USD  ,640.00,1710,0
400,23749,10,MZ-TG-Y120,ZYOUTH,Y120 Bike,ZH   ,ZH   ,ST   ,0,USD  ,198.00,1710,0
400,25467,10,MZ-TG-Y120,ZYOUTH,Y120 Bike,ZH   ,ZH   ,ST   ,0,USD  ,243.00,1710,0
400,25468,10,MZ-TG-Y120,ZYOUTH,Y120 Bike,ZH   ,ZH   ,ST   ,0,USD  ,80.00,1710,0
400,23794,10,MZ-TG-Y120,ZYOUTH,Y120 Bike,ZH   ,ZH   ,ST   ,0,USD  ,291.00,1710,0
400,25478,10,MZ-TG-Y120,ZYOUTH,Y120 Bike,ZH   ,ZH   ,ST   ,0,USD  ,30.00,1710,0
400,23795,10,MZ-TG-Y120,ZYOUTH,Y120 Bike,ZH   ,ZH   ,ST   ,0,USD  ,66.00,1710,0
400,25480,10,MZ-TG-Y120,ZYOUTH,Y120 Bike,ZH   ,ZH   ,ST   ,0,USD  ,293.00,1710,0
400,25481,10,MZ-TG-Y120,ZYOUTH,Y120 Bike,ZH   ,ZH   ,ST   ,0,USD  ,34.00,1710,0
400,23802,10,MZ-TG-Y120,ZYOUTH,Y120 Bike,ZH   ,ZH   ,ST   ,0,USD  ,9.00,1710,0
400,23803,10,MZ-TG-Y120,ZYOUTH,Y120 Bike,ZH   ,ZH   ,ST   ,0,USD  ,50.00,1710,0
400,25487,10,MZ-TG-Y120,ZYOUTH,Y120 Bike,ZH   ,ZH   ,ST   ,0,USD  ,186.00,1710,0
400,23804,10,MZ-TG-Y120,ZYOUTH,Y120 Bike,ZH   ,ZH   ,ST   ,0,USD  ,26.00,1710,0
400,23813,10,MZ-TG-Y120,ZYOUTH,Y120 Bike,ZH   ,ZH   ,ST   ,0,USD  ,271.00,1710,0
400,25531,10,MZ-TG-Y120,ZYOUTH,Y120 Bike,ZH   ,ZH   ,ST   ,0,USD  ,145.00,1710,0
400,23858,10,MZ-TG-Y120,ZYOUTH,Y120 Bike,ZH   ,ZH   ,ST   ,0,USD  ,164.00,1710,0
400,25543,10,MZ-TG-Y120,ZYOUTH,Y120 Bike,ZH   ,ZH   ,ST   ,0,USD  ,63.00,1710,0
400,25551,10,MZ-TG-Y120,ZYOUTH,Y120 Bike,ZH   ,ZH   ,ST   ,0,USD  ,227.00,1710,0
400,25552,10,MZ-TG-Y120,ZYOUTH,Y120 Bike,ZH   ,ZH   ,ST   ,0,USD  ,69.00,1710,0
400,23871,10,MZ-TG-Y120,ZYOUTH,Y120 Bike,ZH   ,ZH   ,ST   ,0,USD  ,48.00,1710,0
400,23872,10,MZ-TG-Y120,ZYOUTH,Y120 Bike,ZH   ,ZH   ,ST   ,0,USD  ,70.00,1710,0
400,23873,10,MZ-TG-Y120,ZYOUTH,Y120 Bike,ZH   ,ZH   ,ST   ,0,USD  ,28.00,1710,0
400,23882,10,MZ-TG-Y120,ZYOUTH,Y120 Bike,ZH   ,ZH   ,ST   ,0,USD  ,443.00,1710,0
400,25598,10,MZ-TG-Y120,ZYOUTH,Y120 Bike,ZH   ,ZH   ,ST   ,0,USD  ,18.00,1710,0
400,25604,10,MZ-TG-Y120,ZYOUTH,Y120 Bike,ZH   ,ZH   ,ST   ,0,USD  ,26.00,1710,0
400,25606,10,MZ-TG-Y120,ZYOUTH,Y120 Bike,ZH   ,ZH   ,ST   ,0,USD  ,38.00,1710,0
400,23924,10,MZ-TG-Y120,ZYOUTH,Y120 Bike,ZH   ,ZH   ,ST   ,0,USD  ,724.00,1710,0
400,23925,10,MZ-TG-Y120,ZYOUTH,Y120 Bike,ZH   ,ZH   ,ST   ,0,USD  ,123.00,1710,0
400,25615,10,MZ-TG-Y120,ZYOUTH,Y120 Bike,ZH   ,ZH   ,ST   ,0,USD  ,186.00,1710,0
400,25616,10,MZ-TG-Y120,ZYOUTH,Y120 Bike,ZH   ,ZH   ,ST   ,0,USD  ,230.00,1710,0
400,25617,10,MZ-TG-Y120,ZYOUTH,Y120 Bike,ZH   ,ZH   ,ST   ,0,USD  ,175.00,1710,0
400,23936,10,MZ-TG-Y120,ZYOUTH,Y120 Bike,ZH   ,ZH   ,ST   ,0,USD  ,48.00,1710,0
400,23937,10,MZ-TG-Y120,ZYOUTH,Y120 Bike,ZH   ,ZH   ,ST   ,0,USD  ,73.00,1710,0
400,23938,10,MZ-TG-Y120,ZYOUTH,Y120 Bike,ZH   ,ZH   ,ST   ,0,USD  ,24.00,1710,0
400,23947,10,MZ-TG-Y120,ZYOUTH,Y120 Bike,ZH   ,ZH   ,ST   ,0,USD  ,929.00,1710,0
400,25664,10,MZ-TG-Y120,ZYOUTH,Y120 Bike,ZH   ,ZH   ,ST   ,0,USD  ,334.00,1710,0
400,25665,10,MZ-TG-Y120,ZYOUTH,Y120 Bike,ZH   ,ZH   ,ST   ,0,USD  ,77.00,1710,0
400,25666,10,MZ-TG-Y120,ZYOUTH,Y120 Bike,ZH   ,ZH   ,ST   ,0,USD  ,1.00,1710,0
400,23991,10,MZ-TG-Y120,ZYOUTH,Y120 Bike,ZH   ,ZH   ,ST   ,0,USD  ,399.00,1710,0
400,25675,10,MZ-TG-Y120,ZYOUTH,Y120 Bike,ZH   ,ZH   ,ST   ,0,USD  ,51.00,1710,0
400,23992,10,MZ-TG-Y120,ZYOUTH,Y120 Bike,ZH   ,ZH   ,ST   ,0,USD  ,153.00,1710,0
400,25676,10,MZ-TG-Y120,ZYOUTH,Y120 Bike,ZH   ,ZH   ,ST   ,0,USD  ,388.00,1710,0
400,25677,10,MZ-TG-Y120,ZYOUTH,Y120 Bike,ZH   ,ZH   ,ST   ,0,USD  ,97.00,1710,0
400,24003,10,MZ-TG-Y120,ZYOUTH,Y120 Bike,ZH   ,ZH   ,ST   ,0,USD  ,20.00,1710,0
400,24004,10,MZ-TG-Y120,ZYOUTH,Y120 Bike,ZH   ,ZH   ,ST   ,0,USD  ,64.00,1710,0
400,24005,10,MZ-TG-Y120,ZYOUTH,Y120 Bike,ZH   ,ZH   ,ST   ,0,USD  ,56.00,1710,0
400,24010,10,MZ-TG-Y120,ZYOUTH,Y120 Bike,ZH   ,ZH   ,ST   ,0,USD  ,169.00,1710,0
400,25726,10,MZ-TG-Y120,ZYOUTH,Y120 Bike,ZH   ,ZH   ,ST   ,0,USD  ,3.00,1710,0
400,25736,10,MZ-TG-Y120,ZYOUTH,Y120 Bike,ZH   ,ZH   ,ST   ,0,USD  ,28.00,1710,0
400,24054,10,MZ-TG-Y120,ZYOUTH,Y120 Bike,ZH   ,ZH   ,ST   ,0,USD  ,174.00,1710,0
400,25738,10,MZ-TG-Y120,ZYOUTH,Y120 Bike,ZH   ,ZH   ,ST   ,0,USD  ,32.00,1710,0
400,25739,10,MZ-TG-Y120,ZYOUTH,Y120 Bike,ZH   ,ZH   ,ST   ,0,USD  ,8.00,1710,0
400,25743,10,MZ-TG-Y120,ZYOUTH,Y120 Bike,ZH   ,ZH   ,ST   ,0,USD  ,204.00,1710,0
400,25744,10,MZ-TG-Y120,ZYOUTH,Y120 Bike,ZH   ,ZH   ,ST   ,0,USD  ,173.00,1710,0
400,24065,10,MZ-TG-Y120,ZYOUTH,Y120 Bike,ZH   ,ZH   ,ST   ,0,USD  ,35.00,1710,0
400,24066,10,MZ-TG-Y120,ZYOUTH,Y120 Bike,ZH   ,ZH   ,ST   ,0,USD  ,79.00,1710,0
400,24067,10,MZ-TG-Y120,ZYOUTH,Y120 Bike,ZH   ,ZH   ,ST   ,0,USD  ,70.00,1710,0
400,24068,10,MZ-TG-Y120,ZYOUTH,Y120 Bike,ZH   ,ZH   ,ST   ,0,USD  ,72.00,1710,0
400,24077,10,MZ-TG-Y120,ZYOUTH,Y120 Bike,ZH   ,ZH   ,ST   ,0,USD  ,219.00,1710,0
400,25797,10,MZ-TG-Y120,ZYOUTH,Y120 Bike,ZH   ,ZH   ,ST   ,0,USD  ,65.00,1710,0
400,25798,10,MZ-TG-Y120,ZYOUTH,Y120 Bike,ZH   ,ZH   ,ST   ,0,USD  ,98.00,1710,0
400,24119,10,MZ-TG-Y120,ZYOUTH,Y120 Bike,ZH   ,ZH   ,ST   ,0,USD  ,144.00,1710,0
400,25807,10,MZ-TG-Y120,ZYOUTH,Y120 Bike,ZH   ,ZH   ,ST   ,0,USD  ,5.00,1710,0
400,25809,10,MZ-TG-Y120,ZYOUTH,Y120 Bike,ZH   ,ZH   ,ST   ,0,USD  ,154.00,1710,0
400,25810,10,MZ-TG-Y120,ZYOUTH,Y120 Bike,ZH   ,ZH   ,ST   ,0,USD  ,57.00,1710,0
400,25811,10,MZ-TG-Y120,ZYOUTH,Y120 Bike,ZH   ,ZH   ,ST   ,0,USD  ,14.00,1710,0
400,24131,10,MZ-TG-Y120,ZYOUTH,Y120 Bike,ZH   ,ZH   ,ST   ,0,USD  ,34.00,1710,0
400,24140,10,MZ-TG-Y120,ZYOUTH,Y120 Bike,ZH   ,ZH   ,ST   ,0,USD  ,944.00,1710,0
400,24141,10,MZ-TG-Y120,ZYOUTH,Y120 Bike,ZH   ,ZH   ,ST   ,0,USD  ,206.00,1710,0
400,24142,10,MZ-TG-Y120,ZYOUTH,Y120 Bike,ZH   ,ZH   ,ST   ,0,USD  ,71.00,1710,0
400,25864,10,MZ-TG-Y120,ZYOUTH,Y120 Bike,ZH   ,ZH   ,ST   ,0,USD  ,340.00,1710,0
400,25865,10,MZ-TG-Y120,ZYOUTH,Y120 Bike,ZH   ,ZH   ,ST   ,0,USD  ,107.00,1710,0
400,25866,10,MZ-TG-Y120,ZYOUTH,Y120 Bike,ZH   ,ZH   ,ST   ,0,USD  ,15.00,1710,0
400,25872,10,MZ-TG-Y120,ZYOUTH,Y120 Bike,ZH   ,ZH   ,ST   ,0,USD  ,31.00,1710,0
400,24187,10,MZ-TG-Y120,ZYOUTH,Y120 Bike,ZH   ,ZH   ,ST   ,0,USD  ,18.00,1710,0
400,25873,10,MZ-TG-Y120,ZYOUTH,Y120 Bike,ZH   ,ZH   ,ST   ,0,USD  ,207.00,1710,0
400,25882,10,MZ-TG-Y120,ZYOUTH,Y120 Bike,ZH   ,ZH   ,ST   ,0,USD  ,415.00,1710,0
400,24198,10,MZ-TG-Y120,ZYOUTH,Y120 Bike,ZH   ,ZH   ,ST   ,0,USD  ,22.00,1710,0
400,24199,10,MZ-TG-Y120,ZYOUTH,Y120 Bike,ZH   ,ZH   ,ST   ,0,USD  ,24.00,1710,0
400,24200,10,MZ-TG-Y120,ZYOUTH,Y120 Bike,ZH   ,ZH   ,ST   ,0,USD  ,55.00,1710,0
400,24201,10,MZ-TG-Y120,ZYOUTH,Y120 Bike,ZH   ,ZH   ,ST   ,0,USD  ,2.00,1710,0
400,24209,10,MZ-TG-Y120,ZYOUTH,Y120 Bike,ZH   ,ZH   ,ST   ,0,USD  ,851.00,1710,0
400,25930,10,MZ-TG-Y120,ZYOUTH,Y120 Bike,ZH   ,ZH   ,ST   ,0,USD  ,281.00,1710,0
400,25931,10,MZ-TG-Y120,ZYOUTH,Y120 Bike,ZH   ,ZH   ,ST   ,0,USD  ,1.00,1710,0
400,25932,10,MZ-TG-Y120,ZYOUTH,Y120 Bike,ZH   ,ZH   ,ST   ,0,USD  ,117.00,1710,0
400,25939,10,MZ-TG-Y120,ZYOUTH,Y120 Bike,ZH   ,ZH   ,ST   ,0,USD  ,2.00,1710,0
400,25940,10,MZ-TG-Y120,ZYOUTH,Y120 Bike,ZH   ,ZH   ,ST   ,0,USD  ,25.00,1710,0
400,24257,10,MZ-TG-Y120,ZYOUTH,Y120 Bike,ZH   ,ZH   ,ST   ,0,USD  ,13.00,1710,0
400,24258,10,MZ-TG-Y120,ZYOUTH,Y120 Bike,ZH   ,ZH   ,ST   ,0,USD  ,201.00,1710,0
400,25946,10,MZ-TG-Y120,ZYOUTH,Y120 Bike,ZH   ,ZH   ,ST   ,0,USD  ,239.00,1710,0
400,24269,10,MZ-TG-Y120,ZYOUTH,Y120 Bike,ZH   ,ZH   ,ST   ,0,USD  ,8.00,1710,0
400,24270,10,MZ-TG-Y120,ZYOUTH,Y120 Bike,ZH   ,ZH   ,ST   ,0,USD  ,129.00,1710,0
400,24271,10,MZ-TG-Y120,ZYOUTH,Y120 Bike,ZH   ,ZH   ,ST   ,0,USD  ,21.00,1710,0
400,24280,10,MZ-TG-Y120,ZYOUTH,Y120 Bike,ZH   ,ZH   ,ST   ,0,USD  ,220.00,1710,0
400,25998,10,MZ-TG-Y120,ZYOUTH,Y120 Bike,ZH   ,ZH   ,ST   ,0,USD  ,1.00,1710,0
400,25999,10,MZ-TG-Y120,ZYOUTH,Y120 Bike,ZH   ,ZH   ,ST   ,0,USD  ,112.00,1710,0
400,26000,10,MZ-TG-Y120,ZYOUTH,Y120 Bike,ZH   ,ZH   ,ST   ,0,USD  ,13.00,1710,0
400,26008,10,MZ-TG-Y120,ZYOUTH,Y120 Bike,ZH   ,ZH   ,ST   ,0,USD  ,94.00,1710,0
400,26009,10,MZ-TG-Y120,ZYOUTH,Y120 Bike,ZH   ,ZH   ,ST   ,0,USD  ,28.00,1710,0
400,24325,10,MZ-TG-Y120,ZYOUTH,Y120 Bike,ZH   ,ZH   ,ST   ,0,USD  ,112.00,1710,0
400,26015,10,MZ-TG-Y120,ZYOUTH,Y120 Bike,ZH   ,ZH   ,ST   ,0,USD  ,131.00,1710,0
400,24336,10,MZ-TG-Y120,ZYOUTH,Y120 Bike,ZH   ,ZH   ,ST   ,0,USD  ,7.00,1710,0
400,24337,10,MZ-TG-Y120,ZYOUTH,Y120 Bike,ZH   ,ZH   ,ST   ,0,USD  ,59.00,1710,0
400,24338,10,MZ-TG-Y120,ZYOUTH,Y120 Bike,ZH   ,ZH   ,ST   ,0,USD  ,67.00,1710,0
400,24349,10,MZ-TG-Y120,ZYOUTH,Y120 Bike,ZH   ,ZH   ,ST   ,0,USD  ,949.00,1710,0
400,26063,10,MZ-TG-Y120,ZYOUTH,Y120 Bike,ZH   ,ZH   ,ST   ,0,USD  ,78.00,1710,0
400,26074,10,MZ-TG-Y120,ZYOUTH,Y120 Bike,ZH   ,ZH   ,ST   ,0,USD  ,48.00,1710,0
400,26075,10,MZ-TG-Y120,ZYOUTH,Y120 Bike,ZH   ,ZH   ,ST   ,0,USD  ,22.00,1710,0
400,24394,10,MZ-TG-Y120,ZYOUTH,Y120 Bike,ZH   ,ZH   ,ST   ,0,USD  ,250.00,1710,0
400,24395,10,MZ-TG-Y120,ZYOUTH,Y120 Bike,ZH   ,ZH   ,ST   ,0,USD  ,79.00,1710,0
400,26082,10,MZ-TG-Y120,ZYOUTH,Y120 Bike,ZH   ,ZH   ,ST   ,0,USD  ,177.00,1710,0
400,26084,10,MZ-TG-Y120,ZYOUTH,Y120 Bike,ZH   ,ZH   ,ST   ,0,USD  ,158.00,1710,0
400,24404,10,MZ-TG-Y120,ZYOUTH,Y120 Bike,ZH   ,ZH   ,ST   ,0,USD  ,10.00,1710,0
400,24405,10,MZ-TG-Y120,ZYOUTH,Y120 Bike,ZH   ,ZH   ,ST   ,0,USD  ,66.00,1710,0
400,24406,10,MZ-TG-Y120,ZYOUTH,Y120 Bike,ZH   ,ZH   ,ST   ,0,USD  ,83.00,1710,0
400,24415,10,MZ-TG-Y120,ZYOUTH,Y120 Bike,ZH   ,ZH   ,ST   ,0,USD  ,701.00,1710,0
400,26127,10,MZ-TG-Y120,ZYOUTH,Y120 Bike,ZH   ,ZH   ,ST   ,0,USD  ,89.00,1710,0
400,26128,10,MZ-TG-Y120,ZYOUTH,Y120 Bike,ZH   ,ZH   ,ST   ,0,USD  ,13.00,1710,0
400,26139,10,MZ-TG-Y120,ZYOUTH,Y120 Bike,ZH   ,ZH   ,ST   ,0,USD  ,123.00,1710,0
400,26140,10,MZ-TG-Y120,ZYOUTH,Y120 Bike,ZH   ,ZH   ,ST   ,0,USD  ,22.00,1710,0
400,26141,10,MZ-TG-Y120,ZYOUTH,Y120 Bike,ZH   ,ZH   ,ST   ,0,USD  ,81.00,1710,0
400,26142,10,MZ-TG-Y120,ZYOUTH,Y120 Bike,ZH   ,ZH   ,ST   ,0,USD  ,125.00,1710,0
400,26200,10,MZ-TG-Y120,ZYOUTH,Y120 Bike,ZH   ,ZH   ,ST   ,0,USD  ,91.00,1710,0
400,26209,10,MZ-TG-Y120,ZYOUTH,Y120 Bike,ZH   ,ZH   ,ST   ,0,USD  ,64.00,1710,0
400,26210,10,MZ-TG-Y120,ZYOUTH,Y120 Bike,ZH   ,ZH   ,ST   ,0,USD  ,10.00,1710,0
400,26216,10,MZ-TG-Y120,ZYOUTH,Y120 Bike,ZH   ,ZH   ,ST   ,0,USD  ,432.00,1710,0
400,26217,10,MZ-TG-Y120,ZYOUTH,Y120 Bike,ZH   ,ZH   ,ST   ,0,USD  ,182.00,1710,0
400,26258,10,MZ-TG-Y120,ZYOUTH,Y120 Bike,ZH   ,ZH   ,ST   ,0,USD  ,94.00,1710,0
400,26269,10,MZ-TG-Y120,ZYOUTH,Y120 Bike,ZH   ,ZH   ,ST   ,0,USD  ,7.00,1710,0
400,26275,10,MZ-TG-Y120,ZYOUTH,Y120 Bike,ZH   ,ZH   ,ST   ,0,USD  ,280.00,1710,0
400,26276,10,MZ-TG-Y120,ZYOUTH,Y120 Bike,ZH   ,ZH   ,ST   ,0,USD  ,151.00,1710,0
400,26324,10,MZ-TG-Y120,ZYOUTH,Y120 Bike,ZH   ,ZH   ,ST   ,0,USD  ,60.00,1710,0
400,26325,10,MZ-TG-Y120,ZYOUTH,Y120 Bike,ZH   ,ZH   ,ST   ,0,USD  ,6.00,1710,0
400,26332,10,MZ-TG-Y120,ZYOUTH,Y120 Bike,ZH   ,ZH   ,ST   ,0,USD  ,43.00,1710,0
400,26333,10,MZ-TG-Y120,ZYOUTH,Y120 Bike,ZH   ,ZH   ,ST   ,0,USD  ,33.00,1710,0
400,26339,10,MZ-TG-Y120,ZYOUTH,Y120 Bike,ZH   ,ZH   ,ST   ,0,USD  ,251.00,1710,0
400,26340,10,MZ-TG-Y120,ZYOUTH,Y120 Bike,ZH   ,ZH   ,ST   ,0,USD  ,176.00,1710,0
400,26392,10,MZ-TG-Y120,ZYOUTH,Y120 Bike,ZH   ,ZH   ,ST   ,0,USD  ,16.00,1710,0
400,26393,10,MZ-TG-Y120,ZYOUTH,Y120 Bike,ZH   ,ZH   ,ST   ,0,USD  ,171.00,1710,0
400,26402,10,MZ-TG-Y120,ZYOUTH,Y120 Bike,ZH   ,ZH   ,ST   ,0,USD  ,118.00,1710,0
400,26403,10,MZ-TG-Y120,ZYOUTH,Y120 Bike,ZH   ,ZH   ,ST   ,0,USD  ,45.00,1710,0
400,26410,10,MZ-TG-Y120,ZYOUTH,Y120 Bike,ZH   ,ZH   ,ST   ,0,USD  ,613.00,1710,0
400,26412,10,MZ-TG-Y120,ZYOUTH,Y120 Bike,ZH   ,ZH   ,ST   ,0,USD  ,120.00,1710,0
400,18458,10,MZ-TG-Y120,ZYOUTH,Y120 Bike,ZH   ,ZH   ,ST   ,0,USD  ,755.00,1710,0
400,18470,10,MZ-TG-Y120,ZYOUTH,Y120 Bike,ZH   ,ZH   ,ST   ,0,USD  ,6.00,1710,0
400,18471,10,MZ-TG-Y120,ZYOUTH,Y120 Bike,ZH   ,ZH   ,ST   ,0,USD  ,5.00,1710,0
400,18472,10,MZ-TG-Y120,ZYOUTH,Y120 Bike,ZH   ,ZH   ,ST   ,0,USD  ,70.00,1710,0
400,18473,10,MZ-TG-Y120,ZYOUTH,Y120 Bike,ZH   ,ZH   ,ST   ,0,USD  ,68.00,1710,0
400,18481,10,MZ-TG-Y120,ZYOUTH,Y120 Bike,ZH   ,ZH   ,ST   ,0,USD  ,665.00,1710,0
400,18529,10,MZ-TG-Y120,ZYOUTH,Y120 Bike,ZH   ,ZH   ,ST   ,0,USD  ,292.00,1710,0
400,18538,10,MZ-TG-Y120,ZYOUTH,Y120 Bike,ZH   ,ZH   ,ST   ,0,USD  ,43.00,1710,0
400,18539,10,MZ-TG-Y120,ZYOUTH,Y120 Bike,ZH   ,ZH   ,ST   ,0,USD  ,74.00,1710,0
400,18540,10,MZ-TG-Y120,ZYOUTH,Y120 Bike,ZH   ,ZH   ,ST   ,0,USD  ,14.00,1710,0
400,18541,10,MZ-TG-Y120,ZYOUTH,Y120 Bike,ZH   ,ZH   ,ST   ,0,USD  ,21.00,1710,0
400,18549,10,MZ-TG-Y120,ZYOUTH,Y120 Bike,ZH   ,ZH   ,ST   ,0,USD  ,242.00,1710,0
400,18589,10,MZ-TG-Y120,ZYOUTH,Y120 Bike,ZH   ,ZH   ,ST   ,0,USD  ,1.00,1710,0
400,18600,10,MZ-TG-Y120,ZYOUTH,Y120 Bike,ZH   ,ZH   ,ST   ,0,USD  ,178.00,1710,0
400,18609,10,MZ-TG-Y120,ZYOUTH,Y120 Bike,ZH   ,ZH   ,ST   ,0,USD  ,35.00,1710,0
400,18610,10,MZ-TG-Y120,ZYOUTH,Y120 Bike,ZH   ,ZH   ,ST   ,0,USD  ,20.00,1710,0
400,18620,10,MZ-TG-Y120,ZYOUTH,Y120 Bike,ZH   ,ZH   ,ST   ,0,USD  ,547.00,1710,0
400,18670,10,MZ-TG-Y120,ZYOUTH,Y120 Bike,ZH   ,ZH   ,ST   ,0,USD  ,776.00,1710,0
400,18677,10,MZ-TG-Y120,ZYOUTH,Y120 Bike,ZH   ,ZH   ,ST   ,0,USD  ,64.00,1710,0
400,18678,10,MZ-TG-Y120,ZYOUTH,Y120 Bike,ZH   ,ZH   ,ST   ,0,USD  ,107.00,1710,0
400,18679,10,MZ-TG-Y120,ZYOUTH,Y120 Bike,ZH   ,ZH   ,ST   ,0,USD  ,56.00,1710,0
400,18688,10,MZ-TG-Y120,ZYOUTH,Y120 Bike,ZH   ,ZH   ,ST   ,0,USD  ,871.00,1710,0
400,18689,10,MZ-TG-Y120,ZYOUTH,Y120 Bike,ZH   ,ZH   ,ST   ,0,USD  ,402.00,1710,0
400,18733,10,MZ-TG-Y120,ZYOUTH,Y120 Bike,ZH   ,ZH   ,ST   ,0,USD  ,185.00,1710,0
400,18742,10,MZ-TG-Y120,ZYOUTH,Y120 Bike,ZH   ,ZH   ,ST   ,0,USD  ,54.00,1710,0
400,18743,10,MZ-TG-Y120,ZYOUTH,Y120 Bike,ZH   ,ZH   ,ST   ,0,USD  ,33.00,1710,0
400,18753,10,MZ-TG-Y120,ZYOUTH,Y120 Bike,ZH   ,ZH   ,ST   ,0,USD  ,1320.00,1710,0
400,18754,10,MZ-TG-Y120,ZYOUTH,Y120 Bike,ZH   ,ZH   ,ST   ,0,USD  ,239.00,1710,0
400,18755,10,MZ-TG-Y120,ZYOUTH,Y120 Bike,ZH   ,ZH   ,ST   ,0,USD  ,103.00,1710,0
400,18802,10,MZ-TG-Y120,ZYOUTH,Y120 Bike,ZH   ,ZH   ,ST   ,0,USD  ,342.00,1710,0
400,18811,10,MZ-TG-Y120,ZYOUTH,Y120 Bike,ZH   ,ZH   ,ST   ,0,USD  ,54.00,1710,0
400,18812,10,MZ-TG-Y120,ZYOUTH,Y120 Bike,ZH   ,ZH   ,ST   ,0,USD  ,28.00,1710,0
400,18813,10,MZ-TG-Y120,ZYOUTH,Y120 Bike,ZH   ,ZH   ,ST   ,0,USD  ,2.00,1710,0
